Start main, initialize model and solver...
number of parameters to optimize:  19
Gamma is 333.3333333333333
Output filename:  ../data/testParms_tourn_ChiLifetimes_9526.txt
WARNING: density of clusters is negative -7.332017861653363e-23
WARNING: density of clusters is negative -7.848033147955515e-18
WARNING: density of clusters is negative -1.0413955482203751e-16
WARNING: density of clusters is negative -8.970326861375505e-45
WARNING: density of clusters is negative -7.703214213158421e-27
WARNING: density of clusters is negative -2.814413952118904e-27
WARNING: density of clusters is negative -4.581801411696824e-22
WARNING: density of clusters is negative -7.986725358482708e-35
WARNING: density of clusters is negative -3.012208821346546e-24
WARNING: density of clusters is negative -7.162374916899535e-33
WARNING: density of clusters is negative -6.153414007446205e-32
WARNING: density of clusters is negative -1.0656688336311598e-14
WARNING: density of clusters is negative -1.5842673432083554e-26
WARNING: density of clusters is negative -1.0446798408790438e-24
WARNING: density of clusters is negative -1.7839639788306594e-54
WARNING: density of clusters is negative -8.652371142472823e-36
WARNING: density of clusters is negative -4.296862667825406e-31
WARNING: density of clusters is negative -5.11393070244718e-33
WARNING: density of clusters is negative -1.2362791495802125e-14
WARNING: density of clusters is negative -7.31597279084256e-46
WARNING: density of clusters is negative -2.6886630872087214e-38
WARNING: density of clusters is negative -1.1970843677941714e-19
WARNING: density of clusters is negative -1.6142239636070058e-31
WARNING: density of clusters is negative -1.810731066965209e-35
WARNING: density of clusters is negative -7.97030722035669e-27
WARNING: density of clusters is negative -1.3204878842990157e-27
WARNING: density of clusters is negative -1.126752297845445e-09
WARNING: density of clusters is negative -1.2332591598844227e-10
WARNING: density of clusters is negative -2.2160170961615764e-34
WARNING: density of clusters is negative -1.451790709964869e-25
WARNING: density of clusters is negative -1.2550640438328581e-14
WARNING: density of clusters is negative -2.9349359233536156e-35
WARNING: density of clusters is negative -3.08296765527114e-42
WARNING: density of clusters is negative -2.363904235589831e-26
WARNING: density of clusters is negative -2.5408402279942993e-41
WARNING: density of clusters is negative -1.3844496442834148e-32
WARNING: density of clusters is negative -5.05082370631254e-32
WARNING: density of clusters is negative -9.864703177430398e-27
WARNING: density of clusters is negative -1.7838689085514204e-47
WARNING: density of clusters is negative -2.319001385087245e-53
WARNING: density of clusters is negative -5.6575266808139666e-14
WARNING: density of clusters is negative -1.2368751854045928e-14
WARNING: density of clusters is negative -6.126668505338913e-29
WARNING: density of clusters is negative -1.395340055753345e-30
WARNING: density of clusters is negative -3.7984431044442773e-22
WARNING: density of clusters is negative -8.045207677233551e-19
WARNING: density of clusters is negative -6.164525108250217e-36
WARNING: density of clusters is negative -1.2061821729203725e-31
WARNING: density of clusters is negative -1.1540208899799479e-35
WARNING: density of clusters is negative -7.884813160101821e-31
WARNING: density of clusters is negative -3.6770411218650093e-29
WARNING: density of clusters is negative -5.364048957832196e-24
WARNING: density of clusters is negative -5.428179556873737e-29
WARNING: density of clusters is negative -1.0707154688635371e-17
WARNING: density of clusters is negative -2.4487176074314143e-40
WARNING: density of clusters is negative -3.4073452690663945e-17
WARNING: density of clusters is negative -2.410689186281635e-40
WARNING: density of clusters is negative -1.086340958602e-34
WARNING: density of clusters is negative -2.2240612476973202e-60
WARNING: density of clusters is negative -6.592421904718767e-33
WARNING: density of clusters is negative -4.274060484847479e-21
WARNING2: density of small clusters is negative -4.65895873425063e-10
WARNING: density of clusters is negative -8.529896034147447e-48
WARNING: density of clusters is negative -3.6300626366544345e-22
WARNING: density of clusters is negative -4.6602463353733627e-29
WARNING: density of clusters is negative -2.4835798550610457e-18
WARNING: density of clusters is negative -5.923527736524818e-53
WARNING: density of clusters is negative -3.119176059800115e-50
WARNING: density of clusters is negative -6.47028444595768e-35
WARNING: density of clusters is negative -7.130886881480219e-24
WARNING: density of clusters is negative -7.067594523695256e-44
WARNING: density of clusters is negative -4.315793021063363e-25
WARNING: density of clusters is negative -9.808220896862532e-42
WARNING: density of clusters is negative -6.585178644492489e-13
WARNING: density of clusters is negative -1.2262942572686687e-36
WARNING: density of clusters is negative -4.351960755967212e-13
WARNING: density of clusters is negative -1.1367924572525196e-31
WARNING: density of clusters is negative -7.183874120630022e-23
WARNING: density of clusters is negative -1.3249617732569415e-60
WARNING: density of clusters is negative -1.1558719168676592e-21
WARNING: density of clusters is negative -6.953962524755955e-13
WARNING: density of clusters is negative -7.785815297685648e-29
WARNING: density of clusters is negative -5.599995016247902e-16
WARNING: density of clusters is negative -2.951034634808884e-22
WARNING: density of clusters is negative -2.9764956581594988e-33
WARNING: density of clusters is negative -4.533933284954108e-30
WARNING: density of clusters is negative -1.3649289263958763e-27
WARNING: density of clusters is negative -4.140190493411657e-26
WARNING: density of clusters is negative -2.414952563644204e-20
WARNING: density of clusters is negative -1.875262355442751e-12
WARNING: density of clusters is negative -1.3258594144601316e-33
WARNING: density of clusters is negative -1.3733296812122258e-45
WARNING: density of clusters is negative -1.0627375872966034e-44
WARNING: density of clusters is negative -5.239568051053155e-30
WARNING: density of clusters is negative -2.677304601207524e-37
WARNING: density of clusters is negative -1.1416825295757124e-27
WARNING: density of clusters is negative -3.622319839550058e-19
WARNING: density of clusters is negative -2.37169945378155e-31
WARNING: density of clusters is negative -4.0706989408624757e-16
WARNING: density of clusters is negative -3.5555240313070207e-16
WARNING: density of clusters is negative -1.2116427227854463e-22
WARNING: density of clusters is negative -1.865556191910019e-15
WARNING: density of clusters is negative -4.4050197667616395e-18
WARNING: density of clusters is negative -6.195936877576159e-30
WARNING: density of clusters is negative -1.526952823077896e-39
WARNING: density of clusters is negative -5.0854978938491746e-27
WARNING: density of clusters is negative -2.7953998191734794e-19
WARNING: density of clusters is negative -1.4283686301258085e-43
WARNING: density of clusters is negative -2.6469094591780908e-23
WARNING: density of clusters is negative -2.3477120943617582e-32
WARNING: density of clusters is negative -4.3011048178987716e-23
WARNING: density of clusters is negative -8.85327696835096e-14
WARNING: density of clusters is negative -1.7198271582832715e-40
WARNING: density of clusters is negative -1.7637261124459797e-15
WARNING: density of clusters is negative -7.475996671505194e-16
WARNING: density of clusters is negative -1.4778629870400579e-30
WARNING: density of clusters is negative -6.812173707290769e-26
WARNING: density of clusters is negative -4.2637453957417156e-33
WARNING: density of clusters is negative -2.492786287952012e-21
WARNING: density of clusters is negative -1.4262734441304656e-16
WARNING: density of clusters is negative -7.385036942558289e-60
WARNING: density of clusters is negative -5.656901185824798e-60
WARNING: density of clusters is negative -1.2212429154146786e-18
WARNING: density of clusters is negative -1.3668128516264722e-30
WARNING: density of clusters is negative -3.254449954849084e-38
WARNING: density of clusters is negative -2.4613171710144138e-24
WARNING: density of clusters is negative -3.3668332156578183e-25
WARNING: density of clusters is negative -2.711027327660366e-20
WARNING: density of clusters is negative -8.54880261193679e-41
WARNING: density of clusters is negative -7.140773589149457e-47
WARNING: density of clusters is negative -7.941809851809339e-41
WARNING: density of clusters is negative -5.093447864981548e-57
WARNING: density of clusters is negative -2.387603983422311e-38
WARNING: density of clusters is negative -5.796080858458176e-26
WARNING: density of clusters is negative -2.853647089792919e-38
WARNING: density of clusters is negative -2.4433927779749437e-39
WARNING: density of clusters is negative -2.5867587284373366e-46
WARNING: density of clusters is negative -1.6539646953781765e-26
WARNING: density of clusters is negative -8.37022648736938e-16
WARNING: density of clusters is negative -5.981952839762147e-32
WARNING: density of clusters is negative -1.2223761580361706e-22
WARNING: density of clusters is negative -5.129755766024142e-55
WARNING: density of clusters is negative -2.0686493756627716e-51
WARNING: density of clusters is negative -7.229628341874449e-31
WARNING: density of clusters is negative -1.77642219332792e-47
WARNING: density of clusters is negative -5.945217537340412e-44
WARNING: density of clusters is negative -7.842956861620914e-26
WARNING: density of clusters is negative -3.481201657908715e-16
WARNING: density of clusters is negative -5.449936212555183e-24
WARNING: density of clusters is negative -3.154491698767624e-25
WARNING: density of clusters is negative -3.076050614419428e-16
WARNING: density of clusters is negative -5.379017155444971e-50
WARNING: density of clusters is negative -1.1786392290186398e-20
WARNING: density of clusters is negative -6.219497529558144e-23
WARNING: density of clusters is negative -2.2418944441994034e-15
WARNING: density of clusters is negative -1.1104425003048602e-35
WARNING: density of clusters is negative -2.2232444044008606e-11
WARNING: density of clusters is negative -9.198058157189168e-45
WARNING: density of clusters is negative -7.763147590523404e-48
WARNING: density of clusters is negative -6.846968447213482e-42
WARNING: density of clusters is negative -5.1425883564019734e-55
WARNING: density of clusters is negative -2.5809348065724723e-29
WARNING: density of clusters is negative -4.781327517478175e-25
WARNING: density of clusters is negative -2.619159042991787e-15
WARNING: density of clusters is negative -7.957025482849176e-36
WARNING: density of clusters is negative -2.0342023956963143e-31
WARNING: density of clusters is negative -1.5357568837935692e-45
WARNING: density of clusters is negative -7.11610941751557e-23
WARNING: density of clusters is negative -1.8416459955369551e-34
WARNING: density of clusters is negative -2.679152487086461e-29
WARNING: density of clusters is negative -5.650418410250929e-24
WARNING: density of clusters is negative -1.441023113868909e-24
WARNING: density of clusters is negative -1.6366625946145215e-13
WARNING: density of clusters is negative -1.341270558346494e-31
WARNING: density of clusters is negative -2.475702946398115e-44
WARNING: density of clusters is negative -1.2736242886176413e-32
WARNING: density of clusters is negative -6.586692994528946e-29
WARNING: density of clusters is negative -2.265677117587315e-45
WARNING: density of clusters is negative -6.031185581421281e-44
WARNING: density of clusters is negative -3.6333564050512683e-34
WARNING: density of clusters is negative -9.163200516812876e-39
WARNING: density of clusters is negative -2.8023226156557465e-24
WARNING: density of clusters is negative -7.554253267334698e-25
WARNING: density of clusters is negative -5.4803818374676184e-21
WARNING: density of clusters is negative -4.68244865267016e-37
WARNING: density of clusters is negative -2.236298032512735e-17
WARNING: density of clusters is negative -1.2582502127827347e-34
WARNING: density of clusters is negative -3.013658123280191e-35
WARNING: density of clusters is negative -1.9053129870443702e-41
WARNING: density of clusters is negative -9.358865671337415e-14
WARNING: density of clusters is negative -1.1441868934666545e-29
WARNING: density of clusters is negative -1.143617337371698e-47
WARNING: density of clusters is negative -1.3690223439862564e-25
WARNING: density of clusters is negative -4.310244899799925e-31
WARNING: density of clusters is negative -8.655649180074499e-42
WARNING: density of clusters is negative -2.412505416840484e-33
WARNING: density of clusters is negative -1.291520948205648e-24
WARNING: density of clusters is negative -3.641681185896237e-58
WARNING: density of clusters is negative -7.601120342125464e-21
WARNING: density of clusters is negative -2.2476733479100797e-23
WARNING: density of clusters is negative -1.4077934877334989e-14
WARNING: density of clusters is negative -1.0602182554136778e-47
WARNING: density of clusters is negative -9.686268457783734e-61
WARNING: density of clusters is negative -5.474835197058689e-40
WARNING: density of clusters is negative -7.461715419628866e-34
WARNING: density of clusters is negative -2.471153475685398e-18
WARNING: density of clusters is negative -1.134037766457315e-55
WARNING: density of clusters is negative -1.9935098510729948e-44
WARNING: density of clusters is negative -1.827323635383237e-51
WARNING: density of clusters is negative -4.970149837140858e-32
WARNING: density of clusters is negative -2.31317460990993e-48
WARNING: density of clusters is negative -1.2799836636148932e-20
WARNING: density of clusters is negative -4.2844830614537714e-38
WARNING: density of clusters is negative -6.42438456795766e-25
WARNING: density of clusters is negative -2.7722242257985706e-24
WARNING: density of clusters is negative -2.8693229333207396e-41
WARNING: density of clusters is negative -1.0078013152558055e-16
WARNING: density of clusters is negative -2.774772462479091e-44
WARNING: density of clusters is negative -1.3940714520412453e-20
WARNING: density of clusters is negative -6.682263042384618e-48
WARNING: density of clusters is negative -2.0640868948437572e-26
WARNING: density of clusters is negative -9.454818708128139e-26
WARNING: density of clusters is negative -6.725445613216136e-41
WARNING: density of clusters is negative -6.005708165305031e-32
WARNING: density of clusters is negative -1.659169847039359e-23
WARNING: density of clusters is negative -2.5157359501924455e-45
WARNING: density of clusters is negative -7.838493809192416e-50
WARNING: density of clusters is negative -6.563365031035051e-38
WARNING: density of clusters is negative -6.590217148102607e-35
WARNING: density of clusters is negative -2.646421860140985e-35
WARNING: density of clusters is negative -4.473871643786798e-23
WARNING: density of clusters is negative -1.1054224406833827e-33
WARNING: density of clusters is negative -3.515684229201805e-22
WARNING: density of clusters is negative -8.549066557122991e-16
WARNING: density of clusters is negative -2.8473472640018e-22
WARNING: density of clusters is negative -4.949937489756058e-35
WARNING: density of clusters is negative -9.795883514809838e-30
WARNING: density of clusters is negative -2.2083762264988746e-36
WARNING: density of clusters is negative -6.523413651502242e-37
WARNING: density of clusters is negative -3.1295783625913926e-27
WARNING: density of clusters is negative -2.67027614450479e-40
WARNING: density of clusters is negative -5.642532183384006e-50
WARNING: density of clusters is negative -7.127190127273533e-37
WARNING: density of clusters is negative -2.065131773768071e-24
WARNING: density of clusters is negative -2.0547091699976657e-20
WARNING: density of clusters is negative -1.8548665061515232e-14
WARNING: density of clusters is negative -9.366648809450805e-19
WARNING: density of clusters is negative -3.0671369457518865e-26
WARNING: density of clusters is negative -5.763734155765333e-27
WARNING: density of clusters is negative -6.02887157639531e-27
WARNING: density of clusters is negative -1.858961181855932e-20
WARNING: density of clusters is negative -5.343792085725725e-22
WARNING: density of clusters is negative -7.609705229438206e-14
WARNING: density of clusters is negative -6.25987666424522e-17
WARNING: density of clusters is negative -1.573707688984696e-16
WARNING: density of clusters is negative -7.07969901266737e-34
WARNING: density of clusters is negative -2.4517928498049213e-23
WARNING: density of clusters is negative -2.8237591480626987e-22
WARNING: density of clusters is negative -2.5610522349612005e-24
WARNING: density of clusters is negative -3.458357523577619e-52
WARNING: density of clusters is negative -1.5385569087049086e-15
WARNING: density of clusters is negative -4.90084957039646e-20
WARNING: density of clusters is negative -1.237738970777555e-27
WARNING: density of clusters is negative -6.399777562961484e-54
WARNING: density of clusters is negative -4.0849084986858886e-50
WARNING: density of clusters is negative -7.466694553489111e-24
WARNING: density of clusters is negative -2.71131197166878e-20
WARNING: density of clusters is negative -6.468002321661362e-51
WARNING: density of clusters is negative -2.7265651288253722e-11
WARNING: density of clusters is negative -5.729407135126337e-15
WARNING: density of clusters is negative -7.840722832207246e-39
WARNING: density of clusters is negative -6.678533753297478e-21
WARNING: density of clusters is negative -1.744694531174168e-21
WARNING: density of clusters is negative -8.379052599912881e-20
WARNING: density of clusters is negative -5.704500505912642e-57
WARNING: density of clusters is negative -5.8764086501902015e-19
WARNING: density of clusters is negative -2.8096431233628335e-42
WARNING: density of clusters is negative -4.423662553340736e-39
WARNING: density of clusters is negative -4.576572937581524e-31
WARNING: density of clusters is negative -2.950925050801516e-39
WARNING: density of clusters is negative -6.808302730910201e-17
WARNING: density of clusters is negative -1.2409000076278458e-28
WARNING: density of clusters is negative -1.002780035493294e-42
WARNING: density of clusters is negative -1.1592652350651378e-23
WARNING: density of clusters is negative -3.897921245583044e-14
WARNING: density of clusters is negative -1.4015660088357076e-36
WARNING: density of clusters is negative -3.404539937054165e-46
WARNING: density of clusters is negative -2.1940688250128854e-21
WARNING: density of clusters is negative -3.227341782261907e-26
WARNING: density of clusters is negative -1.6019130604949943e-34
WARNING: density of clusters is negative -3.504607142897275e-33
WARNING: density of clusters is negative -1.4686268531621773e-28
WARNING: density of clusters is negative -1.0278974566823657e-38
WARNING: density of clusters is negative -2.028073261510144e-35
WARNING: density of clusters is negative -6.089598468277128e-26
WARNING: density of clusters is negative -3.717790410290053e-49
WARNING: density of clusters is negative -1.1438871304312412e-36
WARNING: density of clusters is negative -4.9491652839813064e-36
WARNING: density of clusters is negative -6.359801528217227e-61
WARNING: density of clusters is negative -2.2727119311745823e-53
WARNING: density of clusters is negative -3.8333036043178393e-29
WARNING: density of clusters is negative -1.8717032850291917e-31
WARNING: density of clusters is negative -1.841354333849723e-17
WARNING: density of clusters is negative -2.1259088188282457e-44
WARNING: density of clusters is negative -1.590097732185212e-39
WARNING: density of clusters is negative -2.719513060921185e-26
WARNING: density of clusters is negative -8.448191479647955e-39
WARNING: density of clusters is negative -2.2336273566032412e-28
WARNING: density of clusters is negative -1.0836168787645032e-38
WARNING: density of clusters is negative -2.234517775532809e-28
WARNING: density of clusters is negative -9.37119800534975e-27
WARNING: density of clusters is negative -1.1716012948986795e-13
WARNING: density of clusters is negative -2.0191206540304843e-28
WARNING: density of clusters is negative -7.417421782606499e-26
WARNING: density of clusters is negative -5.2497800573407343e-42
WARNING: density of clusters is negative -4.6974729636842805e-33
WARNING: density of clusters is negative -4.963563939514131e-17
WARNING: density of clusters is negative -2.2325259741005826e-17
WARNING: density of clusters is negative -2.8717635727516143e-28
WARNING: density of clusters is negative -8.897878184620861e-40
WARNING: density of clusters is negative -4.428575601174518e-20
WARNING: density of clusters is negative -2.288966693019291e-24
WARNING: density of clusters is negative -1.4404242887563485e-13
WARNING: density of clusters is negative -4.186542906048385e-15
WARNING: density of clusters is negative -3.7840979013687433e-31
WARNING: density of clusters is negative -2.2806477935765577e-51
WARNING: density of clusters is negative -2.6132007413745004e-15
WARNING: density of clusters is negative -2.4731586723588448e-42
WARNING: density of clusters is negative -6.290215857912217e-29
WARNING: density of clusters is negative -5.854668150213617e-56
WARNING: density of clusters is negative -7.59166096256665e-54
WARNING: density of clusters is negative -4.704794434204345e-46
WARNING: density of clusters is negative -3.2103022961287946e-32
WARNING: density of clusters is negative -7.39676949213666e-40
WARNING: density of clusters is negative -6.632443870629736e-35
WARNING: density of clusters is negative -8.612546042094468e-51
WARNING: density of clusters is negative -5.982340185008159e-56
WARNING: density of clusters is negative -2.8952983802161284e-35
WARNING: density of clusters is negative -7.93342143371176e-38
WARNING: density of clusters is negative -9.24164266399061e-43
WARNING: density of clusters is negative -6.770682035291623e-29
WARNING: density of clusters is negative -3.08485985673917e-23
WARNING: density of clusters is negative -1.9746399423386136e-23
WARNING: density of clusters is negative -1.845846612832021e-31
WARNING: density of clusters is negative -1.1182271362237316e-27
WARNING: density of clusters is negative -5.828332139332325e-32
WARNING: density of clusters is negative -8.971382114386222e-24
WARNING: density of clusters is negative -1.3237235699293007e-33
WARNING: density of clusters is negative -8.958951848565103e-48
WARNING: density of clusters is negative -5.805292015269878e-10
WARNING: density of clusters is negative -1.238135444992126e-21
WARNING: density of clusters is negative -2.348558482183047e-34
WARNING: density of clusters is negative -2.1042448152968502e-34
WARNING: density of clusters is negative -8.54580855368772e-37
WARNING: density of clusters is negative -6.676785521306422e-26
WARNING: density of clusters is negative -4.9803312085520876e-46
WARNING: density of clusters is negative -3.8693309921962396e-22
WARNING: density of clusters is negative -2.5785419114964043e-33
WARNING: density of clusters is negative -3.803588636911221e-42
WARNING: density of clusters is negative -8.950824338216466e-42
WARNING: density of clusters is negative -4.3794972930245326e-38
WARNING: density of clusters is negative -1.6150826344032859e-16
WARNING: density of clusters is negative -1.1885843733097152e-27
WARNING: density of clusters is negative -1.7097098182205397e-12
WARNING: density of clusters is negative -1.3096591310206745e-41
WARNING: density of clusters is negative -1.0868222493899187e-22
WARNING: density of clusters is negative -1.039485401630031e-35
WARNING: density of clusters is negative -1.6818537164079463e-29
WARNING: density of clusters is negative -2.085001468186643e-24
WARNING: density of clusters is negative -2.3929877565649007e-58
WARNING: density of clusters is negative -3.5194799465161333e-16
WARNING: density of clusters is negative -6.387293179614329e-31
WARNING: density of clusters is negative -2.6679454599331718e-21
WARNING: density of clusters is negative -3.855637865576989e-26
WARNING: density of clusters is negative -1.0029416295394573e-19
WARNING: density of clusters is negative -2.2909641000815026e-28
WARNING: density of clusters is negative -7.528424942859894e-26
WARNING: density of clusters is negative -3.765314302498857e-26
WARNING: density of clusters is negative -1.506656513228738e-16
WARNING: density of clusters is negative -1.4903343705298022e-26
WARNING: density of clusters is negative -3.473711905096788e-18
WARNING: density of clusters is negative -3.7133229624669184e-19
WARNING: density of clusters is negative -2.4070451981185107e-30
WARNING: density of clusters is negative -5.649335031498265e-39
WARNING: density of clusters is negative -1.3139706980903158e-19
WARNING: density of clusters is negative -1.871311971509648e-24
WARNING: density of clusters is negative -4.779043940460761e-42
WARNING: density of clusters is negative -1.988257187407567e-19
WARNING: density of clusters is negative -4.018812730371755e-28
WARNING: density of clusters is negative -6.105059748594365e-20
WARNING: density of clusters is negative -5.841025133724224e-19
WARNING: density of clusters is negative -1.2644001356082994e-14
WARNING: density of clusters is negative -2.8936444628497115e-42
WARNING: density of clusters is negative -5.039622101482111e-27
WARNING: density of clusters is negative -1.2869031528166801e-12
WARNING: density of clusters is negative -5.024460683530346e-34
WARNING: density of clusters is negative -1.4958928186180636e-31
WARNING: density of clusters is negative -3.8856696583942965e-25
WARNING: density of clusters is negative -1.1795283158021445e-34
WARNING: density of clusters is negative -9.074478005201963e-40
WARNING: density of clusters is negative -1.2162189851233228e-39
WARNING: density of clusters is negative -4.6480799014710437e-26
WARNING: density of clusters is negative -1.5435081693725775e-17
WARNING: density of clusters is negative -8.411067069942959e-39
WARNING: density of clusters is negative -7.657862199559062e-20
WARNING: density of clusters is negative -1.9232476972094388e-17
WARNING: density of clusters is negative -4.2677075675210824e-15
WARNING: density of clusters is negative -1.407036041409924e-46
WARNING: density of clusters is negative -3.1026600304881943e-26
WARNING: density of clusters is negative -2.3190218958710988e-23
WARNING: density of clusters is negative -8.294255958175755e-31
WARNING: density of clusters is negative -2.222314870700647e-23
WARNING: density of clusters is negative -6.590792283005407e-39
WARNING: density of clusters is negative -2.0777724642527577e-30
WARNING: density of clusters is negative -5.1188583023866564e-23
WARNING: density of clusters is negative -1.0767287609060405e-53
WARNING: density of clusters is negative -1.7051050885803768e-45
WARNING: density of clusters is negative -4.286760249992527e-37
WARNING: density of clusters is negative -1.7379621722009222e-27
WARNING: density of clusters is negative -8.125451630408291e-25
WARNING: density of clusters is negative -7.330214763836423e-22
WARNING: density of clusters is negative -1.0494057891331321e-51
WARNING: density of clusters is negative -1.181983267476527e-36
WARNING: density of clusters is negative -4.140309490333926e-29
WARNING: density of clusters is negative -7.098651815816593e-49
WARNING: density of clusters is negative -1.5238707421646993e-44
WARNING: density of clusters is negative -3.374422717566745e-38
WARNING: density of clusters is negative -6.519632543986884e-23
WARNING: density of clusters is negative -2.227227556974202e-37
WARNING: density of clusters is negative -3.3310473547422616e-35
WARNING: density of clusters is negative -8.407630743639743e-43
WARNING: density of clusters is negative -2.1987958918485866e-43
WARNING: density of clusters is negative -3.1246819855559857e-22
WARNING: density of clusters is negative -2.2247368999843324e-43
WARNING: density of clusters is negative -7.726485225231404e-31
WARNING: density of clusters is negative -3.844675489684653e-39
WARNING: density of clusters is negative -3.886324531689463e-32
WARNING: density of clusters is negative -1.562312923754973e-28
WARNING: density of clusters is negative -9.78904249952133e-22
WARNING: density of clusters is negative -9.344032824929734e-56
WARNING: density of clusters is negative -1.547665902545373e-44
WARNING: density of clusters is negative -3.843465595045867e-24
WARNING: density of clusters is negative -1.3104365903772511e-24
WARNING: density of clusters is negative -1.865652898722963e-24
WARNING: density of clusters is negative -3.6681482113868747e-42
WARNING: density of clusters is negative -1.2316907225002205e-36
WARNING: density of clusters is negative -4.348250133480897e-29
WARNING: density of clusters is negative -2.8610598028236317e-18
WARNING: density of clusters is negative -7.28203813499005e-24
WARNING: density of clusters is negative -1.2936075685211155e-22
WARNING: density of clusters is negative -9.034163599096871e-28
WARNING: density of clusters is negative -1.7513335002414536e-23
WARNING: density of clusters is negative -2.503390517864175e-22
WARNING: density of clusters is negative -6.957565338038507e-23
WARNING: density of clusters is negative -4.616620905064698e-36
WARNING: density of clusters is negative -1.8328075171273787e-43
WARNING: density of clusters is negative -2.1324676558058966e-37
WARNING: density of clusters is negative -2.4221394894853804e-32
WARNING: density of clusters is negative -1.3216996463088249e-40
WARNING: density of clusters is negative -4.523345338395621e-20
WARNING: density of clusters is negative -3.486298568372334e-38
WARNING: density of clusters is negative -2.4712510380322545e-21
WARNING: density of clusters is negative -4.1716567313673176e-29
WARNING: density of clusters is negative -7.422276323065917e-49
WARNING: density of clusters is negative -3.2095839452241275e-35
WARNING: density of clusters is negative -5.482888007296638e-23
WARNING: density of clusters is negative -1.5366942470648217e-26
WARNING: density of clusters is negative -1.636601212528348e-24
WARNING: density of clusters is negative -1.221724914094732e-42
WARNING: density of clusters is negative -2.3692972658954735e-43
WARNING: density of clusters is negative -5.381570667429003e-19
WARNING: density of clusters is negative -2.3135313232179057e-54
WARNING: density of clusters is negative -5.700404550535975e-48
WARNING: density of clusters is negative -7.452510414143798e-32
WARNING: density of clusters is negative -9.148779822098605e-46
WARNING: density of clusters is negative -1.122637950233449e-23
WARNING: density of clusters is negative -2.100066790040263e-25
WARNING: density of clusters is negative -1.5388950647485153e-19
WARNING: density of clusters is negative -8.808219916908714e-51
WARNING: density of clusters is negative -8.51235669100444e-26
WARNING: density of clusters is negative -3.1457889608656746e-31
WARNING: density of clusters is negative -3.9011875064937077e-16
WARNING: density of clusters is negative -1.5218059110730923e-31
WARNING: density of clusters is negative -5.927952410449555e-23
WARNING: density of clusters is negative -1.902353997810827e-18
WARNING: density of clusters is negative -1.2143790741971446e-16
WARNING: density of clusters is negative -7.88475937382572e-26
WARNING: density of clusters is negative -3.485397580990016e-14
WARNING: density of clusters is negative -6.553704085520966e-14
WARNING: density of clusters is negative -2.13269675936523e-19
WARNING: density of clusters is negative -2.073136330860852e-26
WARNING: density of clusters is negative -9.726799747048131e-14
WARNING: density of clusters is negative -4.196803105399583e-50
WARNING: density of clusters is negative -4.5757554758941966e-18
WARNING: density of clusters is negative -4.1004985195672855e-18
WARNING: density of clusters is negative -2.9229784918598452e-43
WARNING: density of clusters is negative -3.569020681535893e-15
WARNING: density of clusters is negative -1.1018495838744968e-17
WARNING: density of clusters is negative -1.2557756216864886e-41
WARNING: density of clusters is negative -3.0788798475967057e-12
WARNING: density of clusters is negative -3.382299202814607e-19
WARNING: density of clusters is negative -6.667109682577242e-25
WARNING: density of clusters is negative -9.880210795304307e-12
WARNING: density of clusters is negative -8.705759290951066e-23
WARNING: density of clusters is negative -2.6480184091327755e-15
WARNING: density of clusters is negative -6.108110365147253e-13
WARNING: density of clusters is negative -8.254715749422196e-13
WARNING: density of clusters is negative -5.3347014335800973e-17
WARNING: density of clusters is negative -2.238422815503372e-36
WARNING: density of clusters is negative -5.952500349421541e-38
WARNING: density of clusters is negative -1.5149236095493175e-37
WARNING: density of clusters is negative -2.9271164449874294e-17
WARNING: density of clusters is negative -9.934965054890262e-38
WARNING: density of clusters is negative -1.0002621344740494e-31
WARNING: density of clusters is negative -1.5018100054882248e-22
WARNING: density of clusters is negative -7.578147503980645e-30
WARNING: density of clusters is negative -2.0215797552633273e-36
WARNING: density of clusters is negative -2.1796259278117256e-38
WARNING: density of clusters is negative -6.254847890373154e-30
WARNING: density of clusters is negative -6.200444418862686e-22
WARNING: density of clusters is negative -5.5865620675473105e-18
WARNING: density of clusters is negative -7.05349345018651e-24
WARNING: density of clusters is negative -9.186213664436908e-25
WARNING: density of clusters is negative -1.518082146822199e-53
WARNING: density of clusters is negative -3.0373754636082627e-43
WARNING: density of clusters is negative -7.576494003588007e-26
WARNING: density of clusters is negative -1.4311037848594492e-18
WARNING: density of clusters is negative -1.0887366920493165e-23
WARNING: density of clusters is negative -1.3288315133062225e-35
WARNING: density of clusters is negative -1.2715711960084202e-17
WARNING: density of clusters is negative -6.45725247254089e-22
WARNING: density of clusters is negative -7.082952776494428e-45
WARNING: density of clusters is negative -3.179732148595607e-30
WARNING: density of clusters is negative -2.3672055986710086e-34
WARNING: density of clusters is negative -5.070510667425553e-17
WARNING: density of clusters is negative -2.9223539103946595e-32
WARNING: density of clusters is negative -1.8231856224163431e-38
WARNING: density of clusters is negative -3.09981826829144e-17
WARNING: density of clusters is negative -6.792880782400149e-18
WARNING: density of clusters is negative -7.770409087402335e-17
WARNING: density of clusters is negative -6.696388497625336e-29
WARNING: density of clusters is negative -1.8511746339474965e-17
WARNING: density of clusters is negative -8.01046955273693e-36
WARNING: density of clusters is negative -3.648583483729114e-17
WARNING: density of clusters is negative -2.223662196038906e-55
WARNING: density of clusters is negative -8.566055249592862e-24
WARNING: density of clusters is negative -9.290052853876003e-51
WARNING: density of clusters is negative -6.211097220421362e-45
WARNING: density of clusters is negative -4.828833376957481e-39
WARNING: density of clusters is negative -3.4937895318021435e-37
WARNING: density of clusters is negative -3.4339655327984576e-45
WARNING: density of clusters is negative -6.514168548522689e-32
WARNING: density of clusters is negative -3.2587671679817524e-37
WARNING: density of clusters is negative -5.035038020849822e-39
WARNING: density of clusters is negative -2.3926367861584852e-20
WARNING: density of clusters is negative -1.1572045053208903e-34
WARNING: density of clusters is negative -6.503058563073287e-27
WARNING: density of clusters is negative -5.077402885942503e-34
WARNING: density of clusters is negative -1.9524687862118267e-12
WARNING: density of clusters is negative -5.667790213145971e-34
WARNING: density of clusters is negative -1.7297444227745727e-40
WARNING: density of clusters is negative -3.874546479734092e-42
WARNING: density of clusters is negative -6.632777521145686e-31
WARNING: density of clusters is negative -3.251765416898175e-18
WARNING: density of clusters is negative -1.6766202690736744e-13
WARNING: density of clusters is negative -7.882062987284552e-34
WARNING: density of clusters is negative -2.4001170615111327e-14
WARNING: density of clusters is negative -3.6435390643744673e-34
WARNING: density of clusters is negative -1.2566060394888267e-28
WARNING: density of clusters is negative -8.251653814648552e-30
WARNING: density of clusters is negative -1.1527110311815408e-42
WARNING: density of clusters is negative -5.987012858103308e-54
WARNING: density of clusters is negative -4.120340576491917e-19
WARNING: density of clusters is negative -1.1636309899537511e-17
WARNING: density of clusters is negative -1.5826364102001095e-45
WARNING: density of clusters is negative -2.954212780331974e-33
WARNING: density of clusters is negative -5.473290598356382e-32
WARNING: density of clusters is negative -1.651340927103841e-33
WARNING: density of clusters is negative -1.2132287152210498e-26
WARNING: density of clusters is negative -1.0181057071482622e-19
WARNING: density of clusters is negative -7.118544306035291e-26
WARNING: density of clusters is negative -4.973180069848816e-19
WARNING: density of clusters is negative -2.0760057028233104e-31
WARNING: density of clusters is negative -3.95117393366158e-46
WARNING: density of clusters is negative -4.4721823986779235e-34
WARNING: density of clusters is negative -1.0497846075857297e-38
WARNING: density of clusters is negative -1.6701096109110662e-22
WARNING: density of clusters is negative -4.475599953835509e-22
WARNING: density of clusters is negative -4.8016962417685453e-29
WARNING: density of clusters is negative -2.3006739485876273e-46
WARNING: density of clusters is negative -1.698130060339089e-14
WARNING: density of clusters is negative -1.218866300116371e-20
WARNING: density of clusters is negative -1.7870267457986344e-34
WARNING: density of clusters is negative -2.431987560242846e-16
WARNING: density of clusters is negative -8.302824263461374e-53
WARNING: density of clusters is negative -2.0313293063209804e-24
WARNING: density of clusters is negative -1.7071318217136274e-35
WARNING: density of clusters is negative -3.649082786395096e-26
WARNING: density of clusters is negative -1.4505224242854822e-25
WARNING: density of clusters is negative -2.163102933850729e-32
WARNING: density of clusters is negative -5.013815648771833e-32
WARNING: density of clusters is negative -1.0346493769892728e-30
WARNING: density of clusters is negative -3.130542964702477e-22
WARNING: density of clusters is negative -8.822060210632073e-26
WARNING: density of clusters is negative -1.0932701098311722e-28
WARNING: density of clusters is negative -7.556668021790234e-47
WARNING: density of clusters is negative -3.5217274164010965e-26
WARNING: density of clusters is negative -1.0678494308848776e-11
WARNING: density of clusters is negative -1.1427803079021509e-34
WARNING: density of clusters is negative -5.783823362617164e-14
WARNING: density of clusters is negative -1.5971913637175824e-40
WARNING: density of clusters is negative -2.171510786906106e-24
WARNING: density of clusters is negative -7.387747445041359e-22
WARNING: density of clusters is negative -1.2084044869157963e-24
WARNING: density of clusters is negative -6.438609284787296e-24
WARNING: density of clusters is negative -1.9614774827166597e-17
WARNING: density of clusters is negative -2.6224846301380002e-17
WARNING: density of clusters is negative -4.0515752011326057e-29
WARNING: density of clusters is negative -1.6274314411059128e-17
WARNING: density of clusters is negative -1.7196861550225118e-15
WARNING: density of clusters is negative -9.375003978060543e-17
WARNING: density of clusters is negative -1.5400650762349003e-13
WARNING: density of clusters is negative -2.1225611096192696e-16
WARNING: density of clusters is negative -3.909781239164995e-15
WARNING: density of clusters is negative -1.7709742608133257e-14
WARNING: density of clusters is negative -5.1384891940959804e-11
WARNING: density of clusters is negative -2.7848036404011e-20
WARNING: density of clusters is negative -2.2872618163247385e-21
WARNING: density of clusters is negative -4.3150118036787096e-15
WARNING: density of clusters is negative -6.864950920954653e-36
WARNING: density of clusters is negative -7.84850112136429e-34
WARNING: density of clusters is negative -1.1815315220814085e-21
WARNING: density of clusters is negative -6.746964796924873e-16
WARNING: density of clusters is negative -9.58004396318513e-19
WARNING: density of clusters is negative -2.915761746375635e-25
WARNING: density of clusters is negative -1.4195239670177117e-22
WARNING: density of clusters is negative -3.323668487005e-27
WARNING: density of clusters is negative -3.727199637005022e-18
WARNING: density of clusters is negative -2.549035939709616e-20
WARNING: density of clusters is negative -7.570924115219786e-46
WARNING: density of clusters is negative -8.037715788643757e-36
WARNING: density of clusters is negative -4.0798161973829304e-36
WARNING: density of clusters is negative -1.5028766290560166e-30
WARNING: density of clusters is negative -1.2314107747092403e-38
WARNING: density of clusters is negative -8.36042037164696e-16
WARNING: density of clusters is negative -6.6984054495150596e-43
WARNING: density of clusters is negative -8.038322220058967e-45
WARNING: density of clusters is negative -1.4844260871999435e-22
WARNING: density of clusters is negative -2.2071784819626476e-43
WARNING: density of clusters is negative -2.4557761283137054e-32
WARNING: density of clusters is negative -4.416424192357085e-63
WARNING: density of clusters is negative -5.997700098633765e-25
WARNING: density of clusters is negative -1.1394433029632511e-20
WARNING: density of clusters is negative -1.3716389670684366e-18
WARNING: density of clusters is negative -1.9488134057725555e-50
WARNING: density of clusters is negative -2.6040223752974798e-51
WARNING: density of clusters is negative -6.231514305484573e-30
WARNING: density of clusters is negative -7.027484970822091e-40
WARNING: density of clusters is negative -2.033818302795764e-43
WARNING: density of clusters is negative -1.0735065330797954e-30
WARNING: density of clusters is negative -3.8780836638981834e-18
WARNING: density of clusters is negative -8.518814327862451e-47
WARNING: density of clusters is negative -3.2579495549261387e-37
WARNING: density of clusters is negative -8.26267553721731e-31
WARNING: density of clusters is negative -5.408870351187405e-28
WARNING: density of clusters is negative -1.6568640977957766e-16
WARNING: density of clusters is negative -7.280436943566812e-34
WARNING: density of clusters is negative -1.0664610813598154e-36
WARNING: density of clusters is negative -5.0203954824425225e-19
WARNING: density of clusters is negative -6.13026912668555e-59
WARNING: density of clusters is negative -2.5023268515359215e-27
WARNING: density of clusters is negative -5.327658690448847e-29
WARNING: density of clusters is negative -2.2545064474243117e-25
WARNING: density of clusters is negative -4.928169751952234e-21
WARNING: density of clusters is negative -1.8059304093620463e-32
WARNING: density of clusters is negative -1.6067356278082255e-24
WARNING: density of clusters is negative -6.287635084941682e-34
WARNING: density of clusters is negative -7.543020113332773e-35
WARNING: density of clusters is negative -4.542255006483289e-12
WARNING: density of clusters is negative -2.5076653665766204e-22
WARNING: density of clusters is negative -8.542596542329878e-19
WARNING: density of clusters is negative -8.309242587979609e-23
WARNING: density of clusters is negative -4.693991409629016e-37
WARNING: density of clusters is negative -2.8102988434994465e-32
WARNING: density of clusters is negative -4.039275107777238e-27
WARNING: density of clusters is negative -5.7260833657696984e-27
WARNING: density of clusters is negative -1.253232811341412e-43
WARNING: density of clusters is negative -1.8698887699175182e-22
WARNING: density of clusters is negative -2.1525912209078695e-22
WARNING: density of clusters is negative -3.841555713195725e-40
WARNING: density of clusters is negative -1.478370996019789e-32
WARNING: density of clusters is negative -4.233502827170661e-38
WARNING: density of clusters is negative -5.2386897207873354e-52
WARNING: density of clusters is negative -1.1176411288997767e-42
WARNING: density of clusters is negative -8.230088039149932e-31
WARNING: density of clusters is negative -2.4506874094749012e-23
WARNING: density of clusters is negative -2.177441002837345e-47
WARNING: density of clusters is negative -2.1056170963503436e-36
WARNING: density of clusters is negative -2.1572221162900916e-35
WARNING: density of clusters is negative -3.332483961250523e-31
WARNING: density of clusters is negative -4.7640752405482e-16
WARNING: density of clusters is negative -3.505812738142363e-18
WARNING: density of clusters is negative -1.867103535591219e-27
WARNING: density of clusters is negative -2.946720959633065e-56
WARNING: density of clusters is negative -4.913344717897307e-36
WARNING: density of clusters is negative -2.421180012003417e-35
WARNING: density of clusters is negative -1.4614091608837594e-34
WARNING: density of clusters is negative -3.742391922124562e-29
WARNING: density of clusters is negative -4.5539337156590474e-26
WARNING: density of clusters is negative -1.0746367869686288e-39
WARNING: density of clusters is negative -1.0893079633582424e-35
WARNING: density of clusters is negative -1.3373965501358513e-32
WARNING: density of clusters is negative -2.35441432637481e-25
WARNING: density of clusters is negative -2.498439231573982e-16
WARNING: density of clusters is negative -7.189361677858837e-27
WARNING: density of clusters is negative -6.234057299386429e-24
WARNING: density of clusters is negative -1.2959961973645785e-33
WARNING: density of clusters is negative -5.1085028717902527e-26
WARNING: density of clusters is negative -1.9636267538650808e-18
WARNING: density of clusters is negative -1.1110239149936367e-30
WARNING: density of clusters is negative -3.5585815562907717e-23
WARNING: density of clusters is negative -1.6068941610771469e-40
WARNING: density of clusters is negative -2.5543702770948443e-29
WARNING: density of clusters is negative -2.4779476118368935e-17
WARNING: density of clusters is negative -9.346548915170573e-34
WARNING: density of clusters is negative -8.99663463544982e-30
WARNING: density of clusters is negative -1.4143468017660859e-25
WARNING: density of clusters is negative -8.343558988420644e-47
WARNING: density of clusters is negative -7.344744784371061e-26
WARNING: density of clusters is negative -5.716603596043465e-33
WARNING: density of clusters is negative -1.863697021595145e-29
WARNING: density of clusters is negative -2.0747990280471728e-47
WARNING: density of clusters is negative -4.2108548846030387e-23
WARNING: density of clusters is negative -4.483604212615449e-43
WARNING: density of clusters is negative -2.178986018524598e-39
WARNING: density of clusters is negative -1.5397982248969115e-38
WARNING: density of clusters is negative -1.444366807753994e-17
WARNING: density of clusters is negative -4.084265378550385e-16
WARNING: density of clusters is negative -7.693716234573006e-15
WARNING: density of clusters is negative -1.8183108445273299e-31
WARNING: density of clusters is negative -5.260997625624472e-17
WARNING: density of clusters is negative -2.40530330756625e-13
WARNING: density of clusters is negative -1.5367407659871942e-15
WARNING: density of clusters is negative -2.5889283650350483e-14
WARNING: density of clusters is negative -2.1647968589661744e-20
WARNING: density of clusters is negative -6.970233170849573e-18
WARNING: density of clusters is negative -1.9508414422306177e-13
WARNING: density of clusters is negative -5.7019782755207806e-11
WARNING: density of clusters is negative -3.4709573606701038e-15
WARNING: density of clusters is negative -1.8549622705000925e-15
WARNING: density of clusters is negative -8.213277111644242e-17
WARNING: density of clusters is negative -2.1914584728710542e-17
WARNING: density of clusters is negative -7.744243735981123e-15
WARNING: density of clusters is negative -8.213277111644242e-17
WARNING: density of clusters is negative -7.589543509918431e-14
WARNING: density of clusters is negative -2.3956958949477193e-24
WARNING: density of clusters is negative -3.2183051602782558e-27
WARNING: density of clusters is negative -1.1454903352922797e-16
WARNING: density of clusters is negative -6.118346681120006e-21
WARNING: density of clusters is negative -3.925765327697594e-24
WARNING: density of clusters is negative -2.3160541423762024e-14
WARNING: density of clusters is negative -9.146696873259678e-20
WARNING: density of clusters is negative -1.0110398488117164e-29
WARNING: density of clusters is negative -1.6313555653220597e-51
WARNING: density of clusters is negative -2.0522991724548838e-42
WARNING: density of clusters is negative -1.0231777127402676e-22
WARNING: density of clusters is negative -2.3241944847743214e-38
WARNING: density of clusters is negative -1.7322059949756285e-25
WARNING: density of clusters is negative -3.3493096529798654e-37
WARNING: density of clusters is negative -9.912598724176472e-27
WARNING: density of clusters is negative -1.36093087292948e-29
WARNING: density of clusters is negative -2.277143594396581e-15
WARNING: density of clusters is negative -3.6541239018071114e-29
WARNING: density of clusters is negative -4.873468771117662e-23
WARNING: density of clusters is negative -1.358335578918816e-44
WARNING: density of clusters is negative -5.957041705750416e-18
WARNING: density of clusters is negative -6.11510375132174e-23
WARNING: density of clusters is negative -9.315451331470323e-26
WARNING: density of clusters is negative -2.045307469764955e-67
WARNING: density of clusters is negative -5.235335606414287e-34
WARNING: density of clusters is negative -4.664871386645677e-32
WARNING: density of clusters is negative -8.030327282413062e-55
WARNING: density of clusters is negative -1.0314833495654208e-13
WARNING: density of clusters is negative -1.3693693136901529e-17
WARNING: density of clusters is negative -1.7991810902377942e-15
WARNING: density of clusters is negative -2.24454464692733e-26
WARNING: density of clusters is negative -3.4863547780981206e-32
WARNING: density of clusters is negative -7.07528128460053e-17
WARNING: density of clusters is negative -2.446158978898021e-29
WARNING: density of clusters is negative -2.094797099151091e-37
WARNING: density of clusters is negative -1.1604454910462462e-30
WARNING: density of clusters is negative -8.719021601824147e-53
WARNING: density of clusters is negative -1.0051430123091168e-56
WARNING: density of clusters is negative -1.888624875698041e-14
WARNING: density of clusters is negative -3.6914275225984416e-17
WARNING: density of clusters is negative -4.568955587541366e-19
WARNING: density of clusters is negative -1.8397813866411085e-50
WARNING: density of clusters is negative -4.8363547229697365e-25
WARNING: density of clusters is negative -1.1211623469129487e-20
WARNING: density of clusters is negative -3.3067018209239683e-19
WARNING: density of clusters is negative -6.154836934272068e-27
WARNING: density of clusters is negative -1.963098251020502e-26
WARNING: density of clusters is negative -3.2219746313663225e-26
WARNING: density of clusters is negative -6.895456486421871e-21
WARNING2: density of small clusters is negative -1.1557872924146222e-20
WARNING: density of clusters is negative -7.66585604937297e-43
WARNING: density of clusters is negative -3.7035027698064146e-33
WARNING: density of clusters is negative -5.129755209027341e-15
WARNING: density of clusters is negative -9.874978959993122e-38
WARNING: density of clusters is negative -3.746780962297466e-24
WARNING: density of clusters is negative -2.1053083560628873e-42
WARNING: density of clusters is negative -1.8931047675074923e-17
WARNING: density of clusters is negative -3.625897748326049e-23
WARNING: density of clusters is negative -3.061231558625716e-17
WARNING: density of clusters is negative -3.396771160005356e-44
WARNING: density of clusters is negative -5.819431144898706e-30
WARNING: density of clusters is negative -4.876098939641586e-19
WARNING: density of clusters is negative -1.0786123864945385e-37
WARNING: density of clusters is negative -2.7312345278092466e-34
WARNING: density of clusters is negative -1.5443619511843086e-36
WARNING: density of clusters is negative -4.00223001464711e-38
WARNING: density of clusters is negative -2.0624719165213225e-39
WARNING: density of clusters is negative -1.2273543736055005e-29
WARNING: density of clusters is negative -1.5178799404127444e-31
WARNING: density of clusters is negative -5.614932177412099e-22
WARNING: density of clusters is negative -6.706228549314828e-27
WARNING: density of clusters is negative -1.964833520512956e-40
WARNING: density of clusters is negative -3.0698724297483456e-34
WARNING: density of clusters is negative -4.6838475691099053e-17
WARNING: density of clusters is negative -7.016541665905301e-34
WARNING: density of clusters is negative -2.932918955511554e-26
WARNING: density of clusters is negative -2.1360435076610265e-18
WARNING: density of clusters is negative -5.8743383296447655e-39
WARNING: density of clusters is negative -7.090526815027264e-35
WARNING: density of clusters is negative -3.297347563366881e-33
WARNING: density of clusters is negative -9.900582290398355e-22
WARNING: density of clusters is negative -1.2970131641584978e-23
WARNING: density of clusters is negative -1.964642776521222e-57
WARNING: density of clusters is negative -3.7882108519546525e-19
WARNING: density of clusters is negative -1.528662425460895e-17
WARNING: density of clusters is negative -3.5656213748573644e-24
WARNING: density of clusters is negative -2.403902805844871e-33
WARNING: density of clusters is negative -1.8627753661813322e-48
WARNING: density of clusters is negative -5.2182148992056636e-21
WARNING: density of clusters is negative -1.2194676406172088e-31
WARNING: density of clusters is negative -6.41045618251937e-38
WARNING: density of clusters is negative -3.5689687670057835e-30
WARNING: density of clusters is negative -1.4962277434891414e-11
WARNING: density of clusters is negative -6.04002447810444e-44
WARNING: density of clusters is negative -2.434936935420138e-19
WARNING: density of clusters is negative -2.216784182540758e-20
WARNING: density of clusters is negative -1.503196939738284e-35
WARNING: density of clusters is negative -1.2098711545142014e-18
WARNING: density of clusters is negative -2.08035899170615e-14
WARNING: density of clusters is negative -1.3669485728563752e-13
WARNING: density of clusters is negative -6.289877609391485e-14
WARNING: density of clusters is negative -4.948694392094743e-17
WARNING: density of clusters is negative -5.73363440667926e-18
WARNING: density of clusters is negative -2.2420920186844224e-27
WARNING: density of clusters is negative -4.060887354579755e-22
WARNING: density of clusters is negative -6.192741062259679e-33
WARNING: density of clusters is negative -6.049941135604549e-33
WARNING: density of clusters is negative -7.769055440799045e-20
WARNING: density of clusters is negative -1.2694910675481979e-19
WARNING: density of clusters is negative -8.644228893198742e-16
WARNING: density of clusters is negative -1.8620577239167387e-22
WARNING: density of clusters is negative -2.3334583975528515e-26
WARNING: density of clusters is negative -8.6268613548703e-15
WARNING: density of clusters is negative -4.849626863182647e-25
WARNING: density of clusters is negative -5.314059220593383e-16
WARNING: density of clusters is negative -1.8960994057807382e-16
WARNING: density of clusters is negative -7.619254080272746e-18
WARNING: density of clusters is negative -1.413858432329358e-22
WARNING: density of clusters is negative -4.0879299228272944e-14
WARNING: density of clusters is negative -3.088909845933318e-14
WARNING: density of clusters is negative -1.3125537398404175e-16
WARNING: density of clusters is negative -3.932049596044762e-16
WARNING: density of clusters is negative -1.640313975953033e-23
WARNING: density of clusters is negative -5.62379848388859e-12
WARNING: density of clusters is negative -3.158965590728471e-15
WARNING: density of clusters is negative -5.233583256954564e-23
WARNING: density of clusters is negative -5.534522219023033e-18
WARNING: density of clusters is negative -9.769041100325929e-14
WARNING: density of clusters is negative -1.3695474822327432e-22
WARNING: density of clusters is negative -4.538954291196084e-25
WARNING: density of clusters is negative -5.10477197064246e-13
WARNING: density of clusters is negative -4.1214460099108856e-14
WARNING: density of clusters is negative -1.0186053087936581e-21
WARNING: density of clusters is negative -1.3905051145878818e-18
WARNING: density of clusters is negative -2.997498401383155e-14
WARNING: density of clusters is negative -2.49987394989274e-15
WARNING: density of clusters is negative -7.309515080868939e-19
WARNING: density of clusters is negative -6.961151162622704e-20
WARNING: density of clusters is negative -3.239107720791111e-12
WARNING: density of clusters is negative -3.656146996019851e-19
WARNING: density of clusters is negative -3.324590006394752e-24
WARNING: density of clusters is negative -4.279851124397103e-25
WARNING: density of clusters is negative -5.5909696097000523e-14
WARNING: density of clusters is negative -3.169709159199152e-18
WARNING: density of clusters is negative -2.320663920697774e-21
WARNING: density of clusters is negative -7.488529114535611e-14
WARNING: density of clusters is negative -5.471526919561257e-15
WARNING: density of clusters is negative -2.94175248847042e-27
WARNING: density of clusters is negative -4.856219302470994e-25
WARNING: density of clusters is negative -1.1486993087549521e-15
WARNING: density of clusters is negative -1.7876905565618276e-24
WARNING: density of clusters is negative -1.733385481964468e-24
WARNING: density of clusters is negative -7.254285584130374e-14
WARNING: density of clusters is negative -4.139926323203271e-18
WARNING: density of clusters is negative -9.634461002186628e-25
WARNING: density of clusters is negative -1.687564537008141e-12
WARNING: density of clusters is negative -4.713632248868742e-15
WARNING: density of clusters is negative -3.2310027375268517e-12
WARNING: density of clusters is negative -1.175726942566464e-16
WARNING: density of clusters is negative -4.112489461731144e-12
WARNING: density of clusters is negative -2.648334315062013e-26
WARNING: density of clusters is negative -1.738448491275086e-21
WARNING: density of clusters is negative -4.585734923355592e-22
WARNING: density of clusters is negative -1.3250944643563435e-15
WARNING: density of clusters is negative -4.2419797810407205e-16
WARNING: density of clusters is negative -3.368068069209161e-23
WARNING: density of clusters is negative -1.1848448548116651e-13
WARNING: density of clusters is negative -2.7709801266550283e-29
WARNING: density of clusters is negative -1.1348335791588691e-21
WARNING: density of clusters is negative -1.542374038014064e-14
WARNING: density of clusters is negative -9.738950721428813e-13
WARNING: density of clusters is negative -1.5506336037690208e-14
WARNING: density of clusters is negative -5.470246103163004e-16
WARNING: density of clusters is negative -1.3525414355804479e-12
WARNING: density of clusters is negative -1.8051477787851613e-19
WARNING: density of clusters is negative -1.9735644451097143e-24
WARNING: density of clusters is negative -4.176305260672164e-15
WARNING: density of clusters is negative -5.672238914024137e-13
WARNING: density of clusters is negative -3.9025741124527934e-16
WARNING: density of clusters is negative -6.436160040873163e-26
WARNING: density of clusters is negative -2.6470113280854542e-18
WARNING: density of clusters is negative -1.2427949101601103e-15
WARNING: density of clusters is negative -2.4536562363639683e-11
WARNING: density of clusters is negative -8.408711744454347e-14
WARNING: density of clusters is negative -8.898738140958612e-21
WARNING: density of clusters is negative -1.3619637201401918e-17
WARNING: density of clusters is negative -1.2180862160607997e-15
WARNING: density of clusters is negative -5.822358450227966e-23
WARNING: density of clusters is negative -2.852265653742968e-18
WARNING: density of clusters is negative -2.027335185925299e-24
WARNING: density of clusters is negative -6.193539017896756e-16
WARNING: density of clusters is negative -4.0623918753376903e-14
WARNING: density of clusters is negative -1.9419282266387104e-13
WARNING: density of clusters is negative -2.869061869965024e-20
WARNING: density of clusters is negative -1.0237270763914336e-12
WARNING: density of clusters is negative -1.9732529518713057e-38
WARNING: density of clusters is negative -5.177748327649234e-16
WARNING: density of clusters is negative -1.6061499892385675e-22
WARNING: density of clusters is negative -1.0265558372615127e-13
WARNING: density of clusters is negative -5.379456650242966e-52
WARNING: density of clusters is negative -1.696849674910009e-42
WARNING: density of clusters is negative -6.0408399304598124e-21
WARNING: density of clusters is negative -3.627071963683339e-15
WARNING: density of clusters is negative -2.5607433868228964e-27
WARNING: density of clusters is negative -5.030565884810811e-27
WARNING: density of clusters is negative -2.7275588824013512e-09
WARNING: density of clusters is negative -3.6746446925522485e-30
WARNING: density of clusters is negative -1.3892438750342272e-10
WARNING: density of clusters is negative -5.9142321107062505e-27
WARNING: density of clusters is negative -5.966135808897239e-26
WARNING: density of clusters is negative -6.491863383323659e-39
WARNING: density of clusters is negative -1.9109988187747674e-29
WARNING: density of clusters is negative -1.0619288669583445e-28
WARNING: density of clusters is negative -8.977388294354457e-27
WARNING: density of clusters is negative -5.945278401187827e-22
WARNING: density of clusters is negative -1.0199103402639377e-11
WARNING: density of clusters is negative -8.40543652277866e-31
WARNING: density of clusters is negative -3.175881146708786e-32
WARNING: density of clusters is negative -5.9482602330067295e-31
WARNING: density of clusters is negative -2.2619882994195915e-39
WARNING: density of clusters is negative -4.709656172112273e-22
WARNING: density of clusters is negative -4.342061482163554e-13
WARNING: density of clusters is negative -8.974670194567411e-19
WARNING: density of clusters is negative -2.100022121886467e-27
WARNING: density of clusters is negative -2.2883057105579153e-55
WARNING: density of clusters is negative -5.631095007467412e-27
WARNING: density of clusters is negative -5.232232968166842e-35
WARNING: density of clusters is negative -3.411607785504029e-39
WARNING: density of clusters is negative -7.17626597462068e-53
WARNING: density of clusters is negative -4.771575522431076e-53
WARNING: density of clusters is negative -2.841309002452774e-32
WARNING: density of clusters is negative -8.712929387401383e-22
WARNING: density of clusters is negative -1.7910497801992815e-21
WARNING: density of clusters is negative -9.700527983945188e-23
WARNING: density of clusters is negative -6.975426866574933e-26
WARNING: density of clusters is negative -7.995782840046762e-62
WARNING: density of clusters is negative -3.016659239549051e-56
WARNING: density of clusters is negative -2.6727409851874774e-17
WARNING: density of clusters is negative -1.350659482169626e-26
WARNING: density of clusters is negative -2.37196627907909e-47
WARNING: density of clusters is negative -2.1586909412581257e-39
WARNING: density of clusters is negative -4.931147623171852e-31
WARNING: density of clusters is negative -2.1766204847691394e-20
WARNING: density of clusters is negative -5.406964785231083e-30
WARNING: density of clusters is negative -5.987680184472722e-38
WARNING: density of clusters is negative -4.807706611607271e-25
WARNING: density of clusters is negative -7.428691544954647e-25
WARNING: density of clusters is negative -1.4678008804939628e-41
WARNING: density of clusters is negative -3.542618098176301e-27
WARNING: density of clusters is negative -2.3285610202662237e-41
WARNING: density of clusters is negative -2.9415619193524655e-26
WARNING: density of clusters is negative -6.230615408361264e-26
WARNING: density of clusters is negative -5.007382506585015e-34
WARNING: density of clusters is negative -4.0309906768957755e-30
WARNING: density of clusters is negative -4.9772574595402164e-27
WARNING: density of clusters is negative -2.645752499929151e-46
WARNING: density of clusters is negative -7.129881975412357e-41
WARNING: density of clusters is negative -5.301252531040158e-15
WARNING: density of clusters is negative -7.567806541044494e-38
WARNING: density of clusters is negative -2.2907777936153947e-33
WARNING: density of clusters is negative -1.3594496368635692e-42
WARNING: density of clusters is negative -1.2802762014805231e-38
WARNING: density of clusters is negative -2.6309268748810106e-24
WARNING: density of clusters is negative -7.174828575473193e-20
WARNING: density of clusters is negative -3.121235903842396e-26
WARNING: density of clusters is negative -3.569073397642241e-16
WARNING: density of clusters is negative -2.670926752488298e-37
WARNING: density of clusters is negative -9.781446788786592e-25
WARNING: density of clusters is negative -1.0477324912095697e-38
WARNING: density of clusters is negative -1.7173575949400089e-18
WARNING: density of clusters is negative -1.2090010578698531e-24
WARNING: density of clusters is negative -5.809443596568363e-60
WARNING: density of clusters is negative -1.4071007129551787e-20
WARNING: density of clusters is negative -6.815281702541259e-12
WARNING: density of clusters is negative -4.913542943967821e-17
WARNING: density of clusters is negative -4.96735361033712e-15
WARNING: density of clusters is negative -9.830753495664731e-29
WARNING: density of clusters is negative -7.156301344315763e-32
WARNING: density of clusters is negative -6.97244468232598e-19
WARNING: density of clusters is negative -9.598514168956092e-17
WARNING: density of clusters is negative -4.9530491762556554e-11
WARNING: density of clusters is negative -4.7927473284845046e-29
WARNING: density of clusters is negative -1.61102606641243e-13
WARNING: density of clusters is negative -4.1006131965074364e-18
WARNING: density of clusters is negative -8.842407465088333e-21
WARNING: density of clusters is negative -7.841494044282125e-19
WARNING: density of clusters is negative -3.372619641802846e-14
WARNING: density of clusters is negative -5.145390751355452e-22
WARNING: density of clusters is negative -8.016378558624366e-32
WARNING: density of clusters is negative -3.191537681045143e-30
WARNING: density of clusters is negative -7.710453773375022e-27
WARNING: density of clusters is negative -1.580689098360189e-12
WARNING: density of clusters is negative -2.925130056933604e-26
WARNING: density of clusters is negative -1.9945576973573402e-27
WARNING: density of clusters is negative -2.444057241605933e-14
WARNING: density of clusters is negative -5.895101559704739e-16
WARNING: density of clusters is negative -4.235425919799367e-17
WARNING: density of clusters is negative -4.2045269275509816e-16
WARNING: density of clusters is negative -1.0498330425175128e-17
WARNING: density of clusters is negative -1.9661614803035778e-21
WARNING: density of clusters is negative -5.4015951016140375e-18
WARNING: density of clusters is negative -9.331577659653345e-21
WARNING: density of clusters is negative -5.521896091499354e-15
WARNING: density of clusters is negative -1.3335698020299391e-18
WARNING: density of clusters is negative -1.9530859791026316e-14
WARNING: density of clusters is negative -1.110806396205974e-22
WARNING: density of clusters is negative -1.0267941170657017e-16
WARNING: density of clusters is negative -8.766435022118783e-12
WARNING: density of clusters is negative -1.0385132323027748e-19
WARNING: density of clusters is negative -1.7876905565618276e-24
WARNING: density of clusters is negative -3.7711152702388185e-51
WARNING: density of clusters is negative -4.985319218327226e-27
WARNING: density of clusters is negative -1.748438380639852e-20
WARNING: density of clusters is negative -1.2131578790919736e-28
WARNING: density of clusters is negative -1.011513649670989e-26
WARNING: density of clusters is negative -2.196618468315157e-40
WARNING: density of clusters is negative -1.4411234553347177e-21
WARNING: density of clusters is negative -8.740744381251224e-15
WARNING: density of clusters is negative -6.145391515115624e-17
WARNING: density of clusters is negative -1.0191338048941416e-17
WARNING: density of clusters is negative -1.2224646169700598e-21
WARNING: density of clusters is negative -2.779869363453025e-14
WARNING: density of clusters is negative -1.3615899523445252e-19
WARNING: density of clusters is negative -2.1642396692506715e-24
WARNING: density of clusters is negative -1.341253871808105e-19
WARNING: density of clusters is negative -1.1930248846916975e-23
WARNING: density of clusters is negative -5.533161207561797e-27
WARNING: density of clusters is negative -1.075090689878228e-15
WARNING: density of clusters is negative -8.43718604829105e-27
WARNING: density of clusters is negative -8.288878123201423e-21
WARNING: density of clusters is negative -2.1857252682936288e-18
WARNING: density of clusters is negative -1.4419159996377645e-14
WARNING: density of clusters is negative -5.765489312433263e-16
WARNING: density of clusters is negative -2.277386192361732e-15
WARNING: density of clusters is negative -1.2701153418819835e-27
WARNING: density of clusters is negative -2.026313318367106e-15
WARNING: density of clusters is negative -4.872853999238136e-18
WARNING: density of clusters is negative -4.079382080039516e-16
WARNING: density of clusters is negative -2.252782758440295e-16
WARNING: density of clusters is negative -6.551033866346761e-14
WARNING: density of clusters is negative -1.3405600614253729e-14
WARNING: density of clusters is negative -1.2431573103305012e-27
WARNING: density of clusters is negative -1.3400330374211995e-15
WARNING: density of clusters is negative -7.824117313017126e-21
WARNING: density of clusters is negative -4.512852318528366e-17
WARNING: density of clusters is negative -9.327207124527493e-26
WARNING: density of clusters is negative -7.114300346300658e-32
WARNING: density of clusters is negative -1.733385481964468e-24
WARNING: density of clusters is negative -2.2158936852038926e-24
WARNING: density of clusters is negative -1.3538020809960979e-19
WARNING: density of clusters is negative -5.314059220593383e-16
WARNING: density of clusters is negative -3.92948629017568e-13
WARNING: density of clusters is negative -8.456759760326957e-13
WARNING: density of clusters is negative -4.247747124855379e-23
WARNING: density of clusters is negative -9.67262771787966e-17
WARNING: density of clusters is negative -9.096523097203557e-22
WARNING: density of clusters is negative -3.8024072903321643e-26
WARNING: density of clusters is negative -2.0521526915767737e-16
WARNING: density of clusters is negative -3.427973232549748e-15
WARNING: density of clusters is negative -1.696267127792411e-15
WARNING: density of clusters is negative -5.314059220593383e-16
WARNING: density of clusters is negative -8.394055111459391e-19
WARNING: density of clusters is negative -3.451416317515787e-13
WARNING: density of clusters is negative -4.756578171881244e-36
WARNING: density of clusters is negative -3.606309803645057e-28
WARNING: density of clusters is negative -4.117111280446703e-23
WARNING: density of clusters is negative -6.3310848156904445e-21
WARNING: density of clusters is negative -1.0886773723789723e-11
WARNING: density of clusters is negative -9.35720624919703e-12
WARNING: density of clusters is negative -6.904453071146443e-14
WARNING: density of clusters is negative -8.314386923104458e-25
WARNING: density of clusters is negative -1.7755101634650071e-15
WARNING: density of clusters is negative -1.2870971963547496e-13
WARNING: density of clusters is negative -1.3189004506363938e-18
WARNING: density of clusters is negative -1.2908797335043294e-18
WARNING: density of clusters is negative -8.047242979188025e-28
WARNING: density of clusters is negative -1.4352716727228288e-13
WARNING: density of clusters is negative -5.605530044201796e-16
WARNING: density of clusters is negative -7.227136089043979e-17
WARNING: density of clusters is negative -6.987180818464872e-14
WARNING: density of clusters is negative -4.806575909386311e-12
WARNING: density of clusters is negative -1.2652253296019317e-25
WARNING: density of clusters is negative -3.888426654928824e-27
WARNING: density of clusters is negative -1.6477532380380229e-15
WARNING: density of clusters is negative -1.0993838541745748e-27
WARNING: density of clusters is negative -9.210634177322481e-17
WARNING: density of clusters is negative -4.419762322625963e-31
WARNING: density of clusters is negative -9.928472269828704e-15
WARNING: density of clusters is negative -1.573763879375298e-14
WARNING: density of clusters is negative -8.427214017377403e-14
WARNING: density of clusters is negative -1.844230738355954e-21
WARNING: density of clusters is negative -1.0005212330291347e-15
WARNING: density of clusters is negative -4.972297064395702e-21
WARNING: density of clusters is negative -1.1730431496916587e-21
WARNING: density of clusters is negative -3.935176817247379e-14
WARNING: density of clusters is negative -1.8079244383126152e-14
WARNING: density of clusters is negative -3.8398034673572266e-26
WARNING: density of clusters is negative -7.139486339176691e-26
WARNING: density of clusters is negative -4.950357032777936e-17
WARNING: density of clusters is negative -2.084543615223563e-14
WARNING: density of clusters is negative -3.0502243177040165e-20
WARNING: density of clusters is negative -7.081157968306324e-14
WARNING: density of clusters is negative -1.2362140131839528e-26
WARNING: density of clusters is negative -1.0332423998214107e-18
WARNING: density of clusters is negative -1.159599710388442e-16
WARNING: density of clusters is negative -3.0913158705416858e-15
WARNING: density of clusters is negative -1.696267127792411e-15
WARNING: density of clusters is negative -4.651274961721421e-12
WARNING: density of clusters is negative -2.2260046863281673e-29
WARNING: density of clusters is negative -6.677526989979729e-22
WARNING: density of clusters is negative -4.299043810136538e-16
WARNING: density of clusters is negative -7.847634553197708e-18
WARNING: density of clusters is negative -8.634629780766861e-15
WARNING: density of clusters is negative -7.821293847104399e-16
WARNING: density of clusters is negative -9.1853759066944e-25
WARNING: density of clusters is negative -2.062922192720301e-20
WARNING: density of clusters is negative -2.1829720743874172e-20
WARNING: density of clusters is negative -2.619550884676652e-16
WARNING: density of clusters is negative -4.972297064395702e-21
WARNING: density of clusters is negative -3.222280982693286e-17
WARNING: density of clusters is negative -1.0756680563441224e-12
WARNING: density of clusters is negative -2.40637175913996e-16
WARNING: density of clusters is negative -2.19551686229576e-22
WARNING: density of clusters is negative -7.533317103809397e-30
WARNING: density of clusters is negative -1.970337188205408e-14
WARNING: density of clusters is negative -4.632762916900273e-28
WARNING: density of clusters is negative -5.6666441064466985e-18
WARNING: density of clusters is negative -7.566454530244576e-26
WARNING: density of clusters is negative -2.7363402029099444e-14
WARNING: density of clusters is negative -2.688214356187551e-16
WARNING: density of clusters is negative -2.1440796382306295e-19
WARNING: density of clusters is negative -8.904974727522476e-16
WARNING: density of clusters is negative -6.294474140669996e-16
WARNING: density of clusters is negative -5.7725888458434694e-15
WARNING: density of clusters is negative -3.428380590594233e-11
WARNING: density of clusters is negative -2.3988960851022923e-21
WARNING: density of clusters is negative -3.649743414638416e-16
Run the GA  ../data/testParms_tourn_ChiLifetimes_9526.txt
BEGIN main GA loop. 
size of fits, and type[0]:  30000 <class 'numpy.float64'>
fitness[0]:   -126.72417439759613
candidate:  [3.173215307081683, 5.899795984589405, 2.2470007308466946, 0.10721879671379932, 4.2232402883889435, 931.8601521369237, 0.009845958676455635, 187.8724370713691, 0.06387588884032969, 0.047554318382724614, 2.091699156994028, 0.3396342323121894, 0.02488715231770737, 0.2835221446328294, 8.978364561370018, 0.00159196268671974, 1.6053503824702653, 0.12492668687698995, 1.2839380928492521e-50]
=== Generation 0 ===
Number of viable points so far: 7960
size of fits, and type[0]:  30000 <class 'numpy.float64'>
fitness[0]:   -258.2792696322202
candidate:  [0.015541694810281163, 0.292665622315199, 1.1958235532985795, 0.4793902159410567, 0.0015414039164867168, 0.07525946779313236, 0.003988635405627482, 205.4180564208178, 0.011456771702587529, 0.4303462199816003, 0.0007575843301129459, 4.834317472344732, 0.0892616738604452, 0.6316800995149755, 7.792033484618213, 0.05176456047182843, 448.91356704692663, 0.1324306715522527, 1.7421744522874056e-50]
=== Generation 1 ===
Number of viable points so far: 26854
size of fits, and type[0]:  30000 <class 'numpy.float64'>
fitness[0]:   -21.557191494561977
candidate:  [5.110799684127618, 14.22597954197349, 0.3696885679585423, 5.850346630801535, 0.006532005883143231, 32.506344304466836, 8.26394968595427, 18.82446752373268, 0.05166355326020499, 0.025897028886203533, 0.006209629326848544, 0.003586937796258079, 0.04801429521513485, 5.632891593077793, 1.7883759625117301, 0.1135342877598118, 2235.0917042571195, 0.018388040540301808, 5.641131855999827e-50]
=== Generation 2 ===
Number of viable points so far: 46780
size of fits, and type[0]:  30000 <class 'numpy.float64'>
fitness[0]:   -20.37439260617338
candidate:  [0.07002895398531112, 0.00245173017663603, 0.14765056229433732, 0.17520086171277682, 0.04930075812678226, 2.237947672837793, 10, 0.013260834031522749, 0.004560400382740613, 0.11904166489023987, 8.050541682570344, 2.172978596577036, 0.3023595410973409, 1.82595105419283, 66.51734823446414, 4.469916965293655, 0.24095529384557696, 0.07109995484647895, 2.0668116756790292e-50]
=== Generation 3 ===
Number of viable points so far: 67258
size of fits, and type[0]:  30000 <class 'numpy.float64'>
fitness[0]:   -14.31158982420558
candidate:  [0.5876884127599781, 0.07943333196732441, 7.2320227337567795, 0.7451971137229078, 1.7542287823609102, 0.6616757432843483, 3.2983705747853036, 0.017710286830527514, 2.891272630450386, 50.074417554556035, 3.727377766349941, 3.9951625430395303, 0.022950435099133658, 0.3062007387897437, 68.35542201740324, 1.1028515433087274, 1.764507788849637, 0.01827457140145588, 1.4330613771744788e-50]
=== Generation 4 ===
Number of viable points so far: 87553
size of fits, and type[0]:  30000 <class 'numpy.float64'>
fitness[0]:   -8.598868424019086
candidate:  [3.643790112033467, 0.027198807638911724, 0.9956112210621417, 0.041931044232784466, 0.7657271759414658, 15.559753284600783, 7.72860009514226, 0.04682293641727957, 0.7298179093174275, 0.5213076281990007, 3.4027380096690583, 0.07839387087499648, 0.5218819705053482, 0.20571477673260935, 49.551246517095564, 0.003765899882514391, 0.6549689394321584, 0.03375497646996484, 8.932164359132139e-50]
=== Generation 5 ===
Number of viable points so far: 107858
Writing results to ../data/testParms_tourn_ChiLifetimes_9526.txt
Finished writing parameter file.
Done with all GA generations and file writing.
done with repeat:  0
Best fitness from the run: -2.729669970370738
Best parameters: [3.796785221927049, 27.101442732735745, 0.9102283879897365, 0.041931044232784466, 0.8723158984342877, 18.677109993802063, 7.72860009514226, 0.02467430319259262, 0.7298179093174275, 0.6291548300533901, 3.4027380096690583, 0.0061622573130626366, 0.08975063143457851, 0.9677007915737904, 2.677861816579023, 0.004432275413116902, 453.57288011097654, 0.023500208649527777, 5.095311321296173e-50]
Output filename:  ../data/testParms_tourn_ChiLifetimes_2103.txt
WARNING: density of clusters is negative -2.52138687361207e-17
WARNING: density of clusters is negative -1.4679485220802925e-15
WARNING: density of clusters is negative -1.5114543501595893e-13
WARNING: density of clusters is negative -8.720427296591094e-15
WARNING: density of clusters is negative -1.6411692640632998e-35
WARNING: density of clusters is negative -7.732793940105241e-21
WARNING: density of clusters is negative -4.58458892459376e-48
WARNING: density of clusters is negative -5.1133612118112824e-48
WARNING: density of clusters is negative -3.4452715992491702e-18
WARNING: density of clusters is negative -3.680295827701092e-38
WARNING: density of clusters is negative -4.851035677479759e-57
WARNING: density of clusters is negative -6.516067775932096e-50
WARNING: density of clusters is negative -1.0782162457439196e-33
WARNING: density of clusters is negative -8.440075572800972e-22
WARNING: density of clusters is negative -1.640231718606654e-26
WARNING: density of clusters is negative -1.118674290262394e-43
WARNING: density of clusters is negative -6.783316251278566e-25
WARNING: density of clusters is negative -9.617759602444048e-17
WARNING: density of clusters is negative -1.0476732895335054e-21
WARNING: density of clusters is negative -5.1137941501431926e-14
WARNING: density of clusters is negative -1.2411806757859094e-16
WARNING: density of clusters is negative -5.1348474364807735e-26
WARNING: density of clusters is negative -1.6944006378697544e-29
WARNING: density of clusters is negative -1.705821645683299e-19
WARNING: density of clusters is negative -2.6591868015009364e-22
WARNING: density of clusters is negative -1.2231909371065971e-17
WARNING: density of clusters is negative -3.915276692135817e-42
WARNING: density of clusters is negative -1.533289865114814e-18
WARNING: density of clusters is negative -6.811235047057281e-46
WARNING: density of clusters is negative -4.342657069019422e-37
WARNING: density of clusters is negative -4.5921537120548204e-38
WARNING: density of clusters is negative -1.39059186131439e-27
WARNING: density of clusters is negative -3.3883909220760655e-31
WARNING: density of clusters is negative -4.179278319517217e-51
WARNING: density of clusters is negative -1.0412168315654264e-44
WARNING: density of clusters is negative -1.7366838124705185e-21
WARNING: density of clusters is negative -3.1703697078369395e-18
WARNING: density of clusters is negative -5.901595140398997e-40
WARNING: density of clusters is negative -1.6106412529107999e-34
WARNING: density of clusters is negative -8.684584264519131e-23
WARNING: density of clusters is negative -1.980766608319635e-15
WARNING: density of clusters is negative -8.026054319099614e-26
WARNING: density of clusters is negative -1.119390274683453e-23
WARNING: density of clusters is negative -2.6674107657643824e-32
WARNING: density of clusters is negative -5.605956412502155e-20
WARNING: density of clusters is negative -3.8386414051901806e-55
WARNING: density of clusters is negative -4.551328992141284e-18
WARNING: density of clusters is negative -4.3477146947843156e-21
WARNING: density of clusters is negative -1.4381128664380887e-55
WARNING: density of clusters is negative -1.721371286060573e-51
WARNING: density of clusters is negative -1.7331371191034095e-38
WARNING: density of clusters is negative -3.4684883412383543e-17
WARNING: density of clusters is negative -7.2364123253769964e-12
WARNING: density of clusters is negative -4.5934990435299905e-32
WARNING: density of clusters is negative -2.5449072138852642e-33
WARNING: density of clusters is negative -1.28070293652751e-57
WARNING: density of clusters is negative -3.9935967989360996e-47
WARNING: density of clusters is negative -1.5189931835799934e-36
WARNING: density of clusters is negative -3.199990374328567e-14
WARNING: density of clusters is negative -6.426249050812566e-32
WARNING: density of clusters is negative -3.590376732883384e-17
WARNING: density of clusters is negative -3.1892303523135014e-26
WARNING: density of clusters is negative -5.740790161031212e-38
WARNING: density of clusters is negative -1.8001355731511843e-15
WARNING: density of clusters is negative -3.282746213101158e-47
WARNING: density of clusters is negative -3.9440717109915244e-57
WARNING: density of clusters is negative -3.88376766425818e-45
WARNING: density of clusters is negative -1.9825674418536036e-30
WARNING: density of clusters is negative -2.3377822533982283e-33
WARNING: density of clusters is negative -3.871118193056541e-31
WARNING: density of clusters is negative -4.255908972861287e-22
WARNING: density of clusters is negative -4.517280141049114e-36
WARNING: density of clusters is negative -2.453284465893636e-31
WARNING: density of clusters is negative -1.313303605159855e-27
WARNING: density of clusters is negative -6.465177182302704e-33
WARNING: density of clusters is negative -1.253377766639487e-46
WARNING: density of clusters is negative -2.0632270399479552e-15
WARNING: density of clusters is negative -8.2717986469142e-17
WARNING: density of clusters is negative -3.1161859577556065e-26
WARNING: density of clusters is negative -5.588424261645738e-15
WARNING: density of clusters is negative -4.255596733746822e-31
WARNING: density of clusters is negative -1.3954864318794012e-27
WARNING: density of clusters is negative -8.996667123457226e-19
WARNING: density of clusters is negative -5.592229213105111e-16
WARNING: density of clusters is negative -7.66202684518467e-18
WARNING: density of clusters is negative -5.8250014840493904e-24
WARNING: density of clusters is negative -2.3498474964266587e-31
WARNING: density of clusters is negative -4.522586695876452e-12
WARNING: density of clusters is negative -7.281267972233212e-31
WARNING: density of clusters is negative -1.1357372935118144e-22
WARNING: density of clusters is negative -6.587152716029042e-48
WARNING: density of clusters is negative -4.80793982498127e-47
WARNING: density of clusters is negative -2.6618818133654917e-22
WARNING: density of clusters is negative -8.019965808292368e-33
WARNING: density of clusters is negative -1.5660744987348112e-16
WARNING: density of clusters is negative -2.763072348547553e-36
WARNING: density of clusters is negative -1.072516640350166e-20
WARNING: density of clusters is negative -4.144309650081252e-12
WARNING: density of clusters is negative -3.472463420193012e-15
WARNING: density of clusters is negative -1.9587356573430192e-16
WARNING: density of clusters is negative -2.003821939148651e-37
WARNING: density of clusters is negative -7.90287537850569e-31
WARNING: density of clusters is negative -9.299037839569108e-50
WARNING: density of clusters is negative -4.851190148953966e-42
WARNING: density of clusters is negative -1.14832623520585e-27
WARNING: density of clusters is negative -5.744211869830292e-14
WARNING: density of clusters is negative -3.3818687862661907e-31
WARNING: density of clusters is negative -7.674865186884481e-14
WARNING: density of clusters is negative -5.449056099019764e-55
WARNING: density of clusters is negative -2.3145671648769928e-30
WARNING: density of clusters is negative -2.1623178186040974e-27
WARNING: density of clusters is negative -2.8585529792029125e-24
WARNING: density of clusters is negative -6.319966178987274e-35
WARNING: density of clusters is negative -1.3959453764072323e-22
WARNING: density of clusters is negative -5.948241549545316e-25
WARNING: density of clusters is negative -2.5056572447315305e-26
WARNING: density of clusters is negative -2.391894177875826e-21
WARNING: density of clusters is negative -3.6035158035446445e-19
WARNING: density of clusters is negative -1.7528981337897056e-16
WARNING: density of clusters is negative -9.686796509787558e-48
WARNING: density of clusters is negative -1.7946937679037533e-38
WARNING: density of clusters is negative -1.4007436448420113e-22
WARNING: density of clusters is negative -7.587906605142837e-12
WARNING: density of clusters is negative -1.8147421813207965e-30
WARNING: density of clusters is negative -1.1915159698032343e-32
WARNING: density of clusters is negative -1.234803722863738e-18
WARNING: density of clusters is negative -6.322414838347026e-29
WARNING: density of clusters is negative -6.492710079392063e-32
WARNING: density of clusters is negative -2.247687568764552e-39
WARNING: density of clusters is negative -2.3073811924207282e-29
WARNING: density of clusters is negative -2.231893196129479e-45
WARNING: density of clusters is negative -7.671176489609965e-43
WARNING: density of clusters is negative -5.008583835999275e-31
WARNING: density of clusters is negative -3.477725128563882e-30
WARNING: density of clusters is negative -8.951279123129388e-20
WARNING: density of clusters is negative -4.3238876338272205e-49
WARNING: density of clusters is negative -3.3949178824342266e-44
WARNING: density of clusters is negative -1.0653784576647376e-24
WARNING: density of clusters is negative -2.7452567345292592e-24
WARNING: density of clusters is negative -3.710031683933881e-32
WARNING: density of clusters is negative -8.222355606614292e-40
WARNING: density of clusters is negative -2.2423006811792542e-33
WARNING: density of clusters is negative -3.029658776417301e-18
WARNING: density of clusters is negative -1.1286117040291614e-63
WARNING: density of clusters is negative -5.842531946788822e-26
WARNING: density of clusters is negative -7.597960812488174e-24
WARNING: density of clusters is negative -2.75500504659798e-21
WARNING: density of clusters is negative -1.1383351358696576e-35
WARNING: density of clusters is negative -1.9072519694174374e-40
WARNING: density of clusters is negative -5.734951152413385e-17
WARNING: density of clusters is negative -9.157169813383202e-36
WARNING: density of clusters is negative -3.7361176449694225e-51
WARNING: density of clusters is negative -6.298094398880163e-26
WARNING: density of clusters is negative -2.2827990918848482e-14
WARNING: density of clusters is negative -3.0255856308341017e-43
WARNING: density of clusters is negative -3.5406756908579846e-32
WARNING: density of clusters is negative -7.754287309710943e-30
WARNING: density of clusters is negative -2.5228674209998033e-45
WARNING: density of clusters is negative -1.2810904927507328e-13
WARNING: density of clusters is negative -6.113561558946656e-23
WARNING: density of clusters is negative -3.3472138692008127e-19
WARNING: density of clusters is negative -2.4701889078078307e-36
WARNING: density of clusters is negative -4.7432905943179473e-35
WARNING: density of clusters is negative -2.5864323627058497e-20
WARNING: density of clusters is negative -9.48695604369398e-24
WARNING: density of clusters is negative -1.821889723628421e-39
WARNING: density of clusters is negative -1.9044608934340531e-38
WARNING: density of clusters is negative -1.6124448634423675e-26
WARNING: density of clusters is negative -1.4413766148701505e-37
WARNING: density of clusters is negative -2.3489587790966e-28
WARNING: density of clusters is negative -2.8098728015704607e-39
WARNING: density of clusters is negative -8.694456787047353e-26
WARNING: density of clusters is negative -1.273746597630691e-30
WARNING: density of clusters is negative -1.142969019986533e-13
WARNING: density of clusters is negative -2.207921771406844e-25
WARNING: density of clusters is negative -4.2136224719088776e-31
WARNING: density of clusters is negative -8.980254911194212e-47
WARNING: density of clusters is negative -3.827985928016157e-33
WARNING: density of clusters is negative -1.0055860023761129e-40
WARNING: density of clusters is negative -9.279459188566552e-33
WARNING: density of clusters is negative -4.107432184008473e-20
WARNING: density of clusters is negative -1.6602352455127684e-26
WARNING: density of clusters is negative -6.6584105449997035e-19
WARNING: density of clusters is negative -1.3537943253813343e-17
WARNING: density of clusters is negative -4.684227015739842e-17
WARNING: density of clusters is negative -1.4782297198392282e-35
WARNING: density of clusters is negative -3.350822301695352e-42
WARNING: density of clusters is negative -1.2921091873321461e-25
WARNING: density of clusters is negative -8.720049549500357e-26
WARNING: density of clusters is negative -6.206240390612298e-33
WARNING: density of clusters is negative -2.2077769179356854e-56
WARNING: density of clusters is negative -1.3952258974929508e-13
WARNING: density of clusters is negative -2.733290757395922e-38
WARNING: density of clusters is negative -1.1603318269969728e-35
WARNING: density of clusters is negative -1.3344012614904168e-28
WARNING: density of clusters is negative -4.279217195934544e-25
WARNING: density of clusters is negative -1.0907642597425537e-42
WARNING: density of clusters is negative -4.091380732051637e-31
WARNING: density of clusters is negative -4.200329371579142e-27
WARNING: density of clusters is negative -7.371154083656614e-29
WARNING: density of clusters is negative -4.5041512801496674e-23
WARNING: density of clusters is negative -3.739339700824704e-38
WARNING: density of clusters is negative -1.1152022935621236e-19
WARNING: density of clusters is negative -4.406517627754133e-19
WARNING: density of clusters is negative -1.240354654726864e-31
WARNING: density of clusters is negative -2.2017635501524918e-23
WARNING: density of clusters is negative -1.6962089567250172e-17
WARNING: density of clusters is negative -1.9007479009018946e-35
WARNING: density of clusters is negative -2.217244581734327e-45
WARNING: density of clusters is negative -2.6525836171776288e-33
WARNING: density of clusters is negative -1.4378168019334576e-28
WARNING: density of clusters is negative -5.293414895464946e-35
WARNING: density of clusters is negative -1.465963896752959e-12
WARNING: density of clusters is negative -2.9748332851875164e-19
WARNING: density of clusters is negative -3.436345346689283e-35
WARNING: density of clusters is negative -2.1080782569546343e-40
WARNING: density of clusters is negative -1.9037676705918324e-15
WARNING: density of clusters is negative -1.3128965750051885e-37
WARNING: density of clusters is negative -1.2433797893037468e-29
WARNING: density of clusters is negative -8.701174442620723e-30
WARNING: density of clusters is negative -6.1085758309656614e-33
WARNING: density of clusters is negative -3.842307700596772e-54
WARNING: density of clusters is negative -1.6737152551091332e-25
WARNING: density of clusters is negative -4.546857040970672e-32
WARNING: density of clusters is negative -1.5928241786719334e-31
WARNING: density of clusters is negative -2.048205052481018e-28
WARNING: density of clusters is negative -1.2128365599823217e-19
WARNING: density of clusters is negative -1.1546288214209811e-37
WARNING: density of clusters is negative -4.378892618942204e-24
WARNING: density of clusters is negative -9.602715005333542e-17
WARNING: density of clusters is negative -1.7016955689550194e-21
WARNING: density of clusters is negative -2.60804644155251e-31
WARNING: density of clusters is negative -5.719167491089823e-40
WARNING: density of clusters is negative -1.2093815282740563e-43
WARNING: density of clusters is negative -8.55904646533837e-38
WARNING: density of clusters is negative -7.087320244118889e-30
WARNING: density of clusters is negative -9.485406672270567e-30
WARNING: density of clusters is negative -4.456967226858227e-27
WARNING: density of clusters is negative -3.1869185419713904e-20
WARNING: density of clusters is negative -2.6910237454090773e-18
WARNING: density of clusters is negative -6.141461026427285e-18
WARNING: density of clusters is negative -2.6357903201611015e-38
WARNING: density of clusters is negative -2.1609474087696496e-41
WARNING: density of clusters is negative -3.1456776057028603e-31
WARNING: density of clusters is negative -2.4543096671564045e-27
WARNING: density of clusters is negative -5.02288874818158e-16
WARNING: density of clusters is negative -7.066907003040184e-16
WARNING: density of clusters is negative -9.109728528752064e-18
WARNING: density of clusters is negative -3.422820827345932e-36
WARNING: density of clusters is negative -2.532625605585359e-13
WARNING: density of clusters is negative -5.447437461961902e-23
WARNING: density of clusters is negative -1.207355021484508e-34
WARNING: density of clusters is negative -7.456941940480446e-30
WARNING: density of clusters is negative -4.693004683714885e-35
WARNING: density of clusters is negative -1.7785402242291492e-32
WARNING: density of clusters is negative -9.184634926768473e-36
WARNING: density of clusters is negative -1.4146341224335316e-29
WARNING: density of clusters is negative -2.513816322155907e-12
WARNING: density of clusters is negative -4.719580295356385e-23
WARNING: density of clusters is negative -3.5072440593818725e-30
WARNING: density of clusters is negative -9.850989753721183e-23
WARNING: density of clusters is negative -2.3245560379797702e-40
WARNING: density of clusters is negative -3.434898900293689e-34
WARNING: density of clusters is negative -1.7093613255778677e-50
WARNING: density of clusters is negative -7.773945814680231e-51
WARNING: density of clusters is negative -1.9702728272649915e-46
WARNING: density of clusters is negative -2.8874000450989723e-37
WARNING: density of clusters is negative -2.1332527013566762e-41
WARNING: density of clusters is negative -3.32082143322123e-20
WARNING: density of clusters is negative -4.1786427993391964e-19
WARNING: density of clusters is negative -1.6177180389221548e-37
WARNING: density of clusters is negative -1.1608179729150757e-26
WARNING: density of clusters is negative -6.4637537883389136e-18
WARNING: density of clusters is negative -5.115507992961795e-16
WARNING: density of clusters is negative -3.2180812230016186e-42
WARNING: density of clusters is negative -5.271476117144133e-39
WARNING: density of clusters is negative -9.368622676996966e-34
WARNING: density of clusters is negative -1.6531027170993704e-25
WARNING: density of clusters is negative -2.362299976878685e-33
WARNING: density of clusters is negative -5.254641658213518e-22
WARNING: density of clusters is negative -1.1183421091943907e-29
WARNING: density of clusters is negative -2.1301175631446268e-15
WARNING: density of clusters is negative -3.1453100833413977e-18
WARNING: density of clusters is negative -3.672422035138511e-28
WARNING: density of clusters is negative -6.44754138308984e-22
WARNING: density of clusters is negative -6.393197800346224e-35
WARNING: density of clusters is negative -3.9875865631078794e-22
WARNING: density of clusters is negative -8.027669291261034e-34
WARNING: density of clusters is negative -1.5459615601393806e-23
WARNING: density of clusters is negative -1.2091785889283691e-26
WARNING: density of clusters is negative -2.6340717819583862e-55
WARNING: density of clusters is negative -1.0613051549294863e-46
WARNING: density of clusters is negative -3.382942728935752e-28
WARNING: density of clusters is negative -4.380917382908539e-28
WARNING: density of clusters is negative -5.936191779999139e-35
WARNING: density of clusters is negative -1.9565355807038348e-35
WARNING: density of clusters is negative -1.9213075004230183e-21
WARNING: density of clusters is negative -8.206803811299684e-30
WARNING: density of clusters is negative -5.120413587195546e-25
WARNING: density of clusters is negative -2.0592868641748946e-13
WARNING: density of clusters is negative -1.852856686132405e-23
WARNING: density of clusters is negative -2.4993557861272152e-15
WARNING: density of clusters is negative -1.199245344072077e-47
WARNING: density of clusters is negative -3.2539832057054015e-40
WARNING: density of clusters is negative -1.643479368665007e-26
WARNING: density of clusters is negative -1.3853643990260521e-33
WARNING: density of clusters is negative -1.380993417912708e-21
WARNING: density of clusters is negative -3.8682688429352075e-25
WARNING: density of clusters is negative -1.2122778399930576e-28
WARNING: density of clusters is negative -3.206761230112937e-21
WARNING: density of clusters is negative -1.1195346420267338e-15
WARNING: density of clusters is negative -2.2337937817618236e-23
WARNING: density of clusters is negative -1.1267383658485273e-40
WARNING: density of clusters is negative -7.672830474596523e-34
WARNING: density of clusters is negative -1.2914853673533918e-52
WARNING: density of clusters is negative -5.6168741314211154e-39
WARNING: density of clusters is negative -1.8669545328638913e-29
WARNING: density of clusters is negative -6.312346141933975e-26
WARNING: density of clusters is negative -4.82519148148317e-51
WARNING: density of clusters is negative -9.08314948857475e-42
WARNING: density of clusters is negative -8.83254589870194e-20
WARNING: density of clusters is negative -2.377423814148805e-23
WARNING: density of clusters is negative -4.8487143384293784e-30
WARNING: density of clusters is negative -2.1852732006076516e-15
WARNING: density of clusters is negative -4.057351116567766e-27
WARNING: density of clusters is negative -2.6785448470616692e-17
WARNING: density of clusters is negative -2.3133703593161154e-37
WARNING: density of clusters is negative -2.6163191657640697e-17
WARNING: density of clusters is negative -2.117486415729154e-33
WARNING: density of clusters is negative -6.091511090348778e-46
WARNING: density of clusters is negative -1.127980182073143e-16
WARNING: density of clusters is negative -7.82965469539123e-22
WARNING: density of clusters is negative -3.8657921727082614e-29
WARNING: density of clusters is negative -1.45708938194303e-48
WARNING: density of clusters is negative -1.9328895806674197e-42
WARNING: density of clusters is negative -1.4707829597545588e-22
WARNING: density of clusters is negative -1.4676086899628308e-53
WARNING: density of clusters is negative -1.41744371985524e-29
WARNING: density of clusters is negative -4.0107517934176533e-44
WARNING: density of clusters is negative -1.2533679244771521e-12
WARNING: density of clusters is negative -1.0356852829708666e-12
WARNING: density of clusters is negative -5.401021648970793e-35
WARNING: density of clusters is negative -5.3833288290786e-27
WARNING: density of clusters is negative -3.406569164537346e-27
WARNING: density of clusters is negative -4.261893154815264e-15
WARNING: density of clusters is negative -7.171513621837426e-30
WARNING: density of clusters is negative -4.5161946389673456e-37
WARNING: density of clusters is negative -4.0778978166826e-37
WARNING: density of clusters is negative -4.531118012303297e-37
WARNING: density of clusters is negative -6.78143645130513e-30
WARNING: density of clusters is negative -4.161044741101876e-15
WARNING: density of clusters is negative -9.191961553201458e-62
WARNING: density of clusters is negative -4.2845512993521944e-39
WARNING: density of clusters is negative -4.454131551441972e-22
WARNING: density of clusters is negative -9.183738671770967e-46
WARNING: density of clusters is negative -2.3865638267502017e-37
WARNING: density of clusters is negative -5.798015688367276e-22
WARNING: density of clusters is negative -4.465883479559157e-25
WARNING: density of clusters is negative -4.606706586157955e-42
WARNING: density of clusters is negative -2.998774292293181e-32
WARNING: density of clusters is negative -3.396557427862474e-42
WARNING: density of clusters is negative -9.695956518794168e-35
WARNING: density of clusters is negative -8.358685521542885e-25
WARNING: density of clusters is negative -1.8207221718381156e-20
WARNING: density of clusters is negative -3.3155651429731213e-16
WARNING: density of clusters is negative -1.2659692450619962e-29
WARNING: density of clusters is negative -1.1700723930825283e-24
WARNING: density of clusters is negative -1.8606598346020884e-46
WARNING: density of clusters is negative -3.1804028401502917e-42
WARNING: density of clusters is negative -4.638210495902379e-26
WARNING: density of clusters is negative -2.149745680238858e-49
WARNING: density of clusters is negative -7.367496823971344e-26
WARNING: density of clusters is negative -7.80573022060447e-37
WARNING: density of clusters is negative -3.087450157114982e-31
WARNING: density of clusters is negative -1.960229772825291e-33
WARNING: density of clusters is negative -4.48752578297142e-36
WARNING: density of clusters is negative -2.9817242978525624e-32
WARNING: density of clusters is negative -7.170999092289683e-21
WARNING: density of clusters is negative -2.5959137165051365e-13
WARNING: density of clusters is negative -7.989388106659914e-14
WARNING: density of clusters is negative -3.839048688808546e-12
WARNING: density of clusters is negative -7.779584549663139e-45
WARNING: density of clusters is negative -4.110015059569103e-40
WARNING: density of clusters is negative -6.1409147107265076e-30
WARNING: density of clusters is negative -1.923480030729352e-43
WARNING: density of clusters is negative -4.918416616879657e-53
WARNING: density of clusters is negative -9.952091130627328e-35
WARNING: density of clusters is negative -1.3903721250968185e-50
WARNING: density of clusters is negative -9.628102979717867e-18
WARNING: density of clusters is negative -4.335703592824412e-12
WARNING: density of clusters is negative -5.120466181563862e-39
WARNING: density of clusters is negative -3.805413705295211e-11
WARNING: density of clusters is negative -2.1403667057672483e-28
WARNING: density of clusters is negative -1.1394450467255286e-13
WARNING: density of clusters is negative -1.1912392507676356e-34
WARNING: density of clusters is negative -1.8320079862245073e-20
WARNING: density of clusters is negative -1.1442032643955285e-35
WARNING: density of clusters is negative -5.0119486254444806e-18
WARNING: density of clusters is negative -5.441478539115889e-19
WARNING: density of clusters is negative -2.426395277645114e-22
WARNING: density of clusters is negative -1.765421631871897e-49
WARNING: density of clusters is negative -6.127014647681461e-29
WARNING: density of clusters is negative -3.090562302798925e-35
WARNING: density of clusters is negative -1.7802119932630805e-30
WARNING: density of clusters is negative -6.583173211678214e-29
WARNING: density of clusters is negative -9.729472975532773e-21
WARNING: density of clusters is negative -4.818120565442779e-24
WARNING: density of clusters is negative -7.503389188738996e-17
WARNING: density of clusters is negative -5.991104527322373e-38
WARNING: density of clusters is negative -6.586731580181374e-21
WARNING: density of clusters is negative -8.998102724756613e-50
WARNING: density of clusters is negative -2.104961893994674e-14
WARNING: density of clusters is negative -4.5074107526696946e-48
WARNING: density of clusters is negative -6.1426492836446055e-27
WARNING: density of clusters is negative -1.3949122100788193e-21
WARNING: density of clusters is negative -4.402230133334439e-40
WARNING: density of clusters is negative -1.334024759962342e-28
WARNING: density of clusters is negative -2.4093018455335637e-53
WARNING: density of clusters is negative -3.629776168799484e-33
WARNING: density of clusters is negative -1.6546621125420647e-19
WARNING: density of clusters is negative -5.069598634901824e-13
WARNING: density of clusters is negative -6.5666964043977e-13
WARNING: density of clusters is negative -2.512504506799805e-29
WARNING: density of clusters is negative -2.041530484722783e-37
WARNING: density of clusters is negative -4.1775864512971745e-29
WARNING: density of clusters is negative -2.6475560874802063e-46
WARNING: density of clusters is negative -2.050196474299619e-22
WARNING: density of clusters is negative -4.73537589803668e-17
WARNING: density of clusters is negative -5.527885757611499e-29
WARNING: density of clusters is negative -3.930615575639217e-16
WARNING: density of clusters is negative -1.0539883893833313e-18
WARNING: density of clusters is negative -5.273772990777505e-26
WARNING: density of clusters is negative -3.7785867065666944e-39
WARNING: density of clusters is negative -2.484208437489097e-33
WARNING: density of clusters is negative -1.1249197061193865e-27
WARNING: density of clusters is negative -2.8543828344600865e-22
WARNING: density of clusters is negative -2.465370145448963e-16
WARNING: density of clusters is negative -8.761320815532676e-46
WARNING: density of clusters is negative -1.5240265138899264e-36
WARNING: density of clusters is negative -1.7111661413361756e-13
WARNING: density of clusters is negative -6.010148048793203e-35
WARNING: density of clusters is negative -5.300297791932812e-31
WARNING: density of clusters is negative -3.652792015476103e-39
WARNING: density of clusters is negative -4.540100229157487e-39
WARNING: density of clusters is negative -8.926464677796588e-20
WARNING: density of clusters is negative -2.3080373328722025e-36
WARNING: density of clusters is negative -3.417728092673265e-40
WARNING: density of clusters is negative -1.6442253155154271e-37
WARNING: density of clusters is negative -3.010505702786532e-29
WARNING: density of clusters is negative -6.238041152226867e-23
WARNING: density of clusters is negative -5.841550974570386e-28
WARNING: density of clusters is negative -1.0579153590285622e-29
WARNING: density of clusters is negative -4.751313095051281e-47
WARNING: density of clusters is negative -1.8457298961164337e-44
WARNING: density of clusters is negative -2.402105624889947e-14
WARNING: density of clusters is negative -1.9555256260115222e-41
WARNING: density of clusters is negative -1.1103116265232145e-34
WARNING: density of clusters is negative -1.1663174943406295e-28
WARNING: density of clusters is negative -8.860776715549178e-31
WARNING: density of clusters is negative -1.0184758829864307e-29
WARNING: density of clusters is negative -6.063016721592298e-31
WARNING: density of clusters is negative -1.5140242808091596e-19
WARNING: density of clusters is negative -1.2263542248013774e-33
WARNING: density of clusters is negative -1.7207424837632753e-13
WARNING: density of clusters is negative -4.1718523393386405e-19
WARNING: density of clusters is negative -3.6331493384004135e-39
WARNING: density of clusters is negative -3.576506818732887e-23
WARNING: density of clusters is negative -2.837299161530768e-32
WARNING: density of clusters is negative -4.3435785603323983e-35
WARNING: density of clusters is negative -3.6230838679242126e-34
WARNING: density of clusters is negative -2.760068998504275e-19
WARNING: density of clusters is negative -4.753158169452224e-40
WARNING: density of clusters is negative -6.425189143714625e-31
WARNING: density of clusters is negative -7.042730363760798e-31
WARNING: density of clusters is negative -3.747939125832778e-56
WARNING: density of clusters is negative -2.5640471047614092e-54
WARNING: density of clusters is negative -7.013063166908507e-50
WARNING: density of clusters is negative -1.5171679034428428e-24
WARNING: density of clusters is negative -1.7699808222395745e-14
WARNING: density of clusters is negative -3.321341687299033e-38
WARNING: density of clusters is negative -4.656612139295657e-26
WARNING: density of clusters is negative -3.819696612255418e-48
WARNING: density of clusters is negative -2.136451005126888e-40
WARNING: density of clusters is negative -1.0352056571364992e-24
WARNING: density of clusters is negative -3.357206070441225e-32
WARNING: density of clusters is negative -2.2591479317861127e-28
WARNING: density of clusters is negative -7.340168106967567e-18
WARNING: density of clusters is negative -1.1152035214433767e-39
WARNING: density of clusters is negative -4.577811752655743e-17
WARNING: density of clusters is negative -2.069009384819539e-31
WARNING: density of clusters is negative -7.030364100791822e-27
WARNING: density of clusters is negative -6.002364259506652e-13
WARNING: density of clusters is negative -1.4369651678669622e-18
WARNING: density of clusters is negative -7.242789754211395e-13
WARNING: density of clusters is negative -7.297882882037482e-20
WARNING: density of clusters is negative -4.319942317201497e-33
WARNING: density of clusters is negative -3.9878041050604656e-25
WARNING: density of clusters is negative -1.4013125170962202e-29
WARNING: density of clusters is negative -3.8921242174361204e-16
WARNING: density of clusters is negative -5.658859450585051e-19
WARNING: density of clusters is negative -5.83432814908731e-14
WARNING: density of clusters is negative -1.4917013210810097e-13
WARNING: density of clusters is negative -1.9117993596343213e-13
WARNING: density of clusters is negative -1.5649314165977944e-13
WARNING: density of clusters is negative -9.954272217305422e-12
WARNING: density of clusters is negative -1.8042813536669595e-20
WARNING: density of clusters is negative -1.2786553519423778e-19
WARNING: density of clusters is negative -5.328298177748117e-21
WARNING: density of clusters is negative -6.121647901374473e-23
WARNING: density of clusters is negative -1.1472455065521297e-28
WARNING: density of clusters is negative -1.6273560127103124e-18
WARNING: density of clusters is negative -6.691664413236124e-40
WARNING: density of clusters is negative -1.2878161187285912e-35
WARNING: density of clusters is negative -6.105281457841128e-35
WARNING: density of clusters is negative -1.0689852434910171e-20
WARNING: density of clusters is negative -3.3542723641035043e-25
WARNING: density of clusters is negative -2.7153468678593533e-27
WARNING: density of clusters is negative -1.916546618263085e-11
WARNING: density of clusters is negative -6.258555564705411e-22
WARNING: density of clusters is negative -1.6506644895366473e-34
WARNING: density of clusters is negative -6.272079562641931e-49
WARNING: density of clusters is negative -1.7153929142389142e-61
WARNING: density of clusters is negative -4.944897418606389e-46
WARNING: density of clusters is negative -3.4755663146162296e-31
WARNING: density of clusters is negative -1.483501508943467e-19
WARNING: density of clusters is negative -1.784465804465013e-23
WARNING: density of clusters is negative -3.750214839452506e-31
WARNING: density of clusters is negative -3.100215511513613e-27
WARNING: density of clusters is negative -7.092010810764302e-20
WARNING: density of clusters is negative -5.233885993568464e-19
WARNING: density of clusters is negative -2.836569920304613e-24
WARNING: density of clusters is negative -6.633747801566474e-27
WARNING: density of clusters is negative -7.43887974902592e-34
WARNING: density of clusters is negative -3.783122175146078e-32
WARNING: density of clusters is negative -3.1262916834023004e-34
WARNING: density of clusters is negative -7.589221990507309e-38
WARNING: density of clusters is negative -5.512771504292252e-46
WARNING: density of clusters is negative -6.080234905321237e-11
WARNING: density of clusters is negative -5.0907991629191056e-14
WARNING: density of clusters is negative -1.2210893749300563e-22
WARNING: density of clusters is negative -3.1676726999772805e-39
WARNING: density of clusters is negative -3.4554875338352995e-40
WARNING: density of clusters is negative -5.206251847812161e-26
WARNING: density of clusters is negative -1.2689149331241788e-49
WARNING: density of clusters is negative -3.4593555818999334e-26
WARNING: density of clusters is negative -1.6032254113765443e-14
WARNING: density of clusters is negative -2.206507236127214e-33
WARNING: density of clusters is negative -4.242935947800597e-38
WARNING: density of clusters is negative -2.069211924315274e-38
WARNING: density of clusters is negative -3.16513979453275e-38
WARNING: density of clusters is negative -1.3998528888133778e-15
WARNING: density of clusters is negative -2.1743137946770318e-21
WARNING: density of clusters is negative -3.4687061080436865e-17
WARNING: density of clusters is negative -5.495851570291817e-52
WARNING: density of clusters is negative -3.802190802000408e-21
WARNING: density of clusters is negative -4.021819259618665e-40
WARNING: density of clusters is negative -1.8768467465421094e-20
WARNING: density of clusters is negative -2.2523929887115385e-21
WARNING: density of clusters is negative -2.9816079113838353e-33
WARNING: density of clusters is negative -2.8901413925668178e-28
WARNING: density of clusters is negative -8.216700573479258e-23
WARNING: density of clusters is negative -1.279995312914965e-25
WARNING: density of clusters is negative -2.56998003519241e-14
WARNING: density of clusters is negative -1.980211783890916e-34
WARNING: density of clusters is negative -7.531062363536545e-54
WARNING: density of clusters is negative -4.260608003460577e-16
WARNING: density of clusters is negative -7.051260103584465e-35
WARNING: density of clusters is negative -9.55938904241502e-29
WARNING: density of clusters is negative -6.0071431061412535e-24
WARNING: density of clusters is negative -6.587364824232034e-15
WARNING: density of clusters is negative -6.1122409028898266e-30
WARNING: density of clusters is negative -4.166605709043713e-20
WARNING: density of clusters is negative -4.740059879706438e-19
WARNING: density of clusters is negative -6.579151903449505e-32
WARNING: density of clusters is negative -7.32484747649157e-37
WARNING: density of clusters is negative -2.3983661299884037e-35
WARNING: density of clusters is negative -1.2783633526987466e-33
WARNING: density of clusters is negative -1.1116700720678364e-26
WARNING: density of clusters is negative -6.687202775851458e-40
WARNING: density of clusters is negative -9.70444389810595e-31
WARNING: density of clusters is negative -3.3677263219800905e-25
WARNING: density of clusters is negative -4.60667114780994e-45
WARNING: density of clusters is negative -2.3148305912726136e-13
WARNING: density of clusters is negative -5.557004171642664e-24
WARNING: density of clusters is negative -2.2485545376455504e-22
WARNING: density of clusters is negative -1.5731928401806814e-25
WARNING: density of clusters is negative -4.2229445281989474e-21
WARNING: density of clusters is negative -2.0777908203972765e-27
WARNING: density of clusters is negative -1.4138922741227181e-25
WARNING: density of clusters is negative -3.014948442926088e-16
WARNING: density of clusters is negative -3.313328603617411e-27
WARNING: density of clusters is negative -4.905829440197146e-36
WARNING: density of clusters is negative -1.0080032376900684e-36
WARNING: density of clusters is negative -1.01450497857307e-31
WARNING: density of clusters is negative -5.321645843314812e-18
WARNING: density of clusters is negative -5.399595289601854e-36
WARNING: density of clusters is negative -1.750059781316417e-40
WARNING: density of clusters is negative -3.305359102709486e-21
WARNING: density of clusters is negative -2.7687521026375365e-39
WARNING: density of clusters is negative -4.659793560152261e-16
WARNING: density of clusters is negative -6.584358457866728e-33
WARNING: density of clusters is negative -2.407883421886296e-30
WARNING: density of clusters is negative -1.0690298654102609e-45
WARNING: density of clusters is negative -4.1854323148191574e-41
WARNING: density of clusters is negative -3.4488301171053413e-37
WARNING: density of clusters is negative -2.650639381373099e-45
WARNING: density of clusters is negative -5.605246359405258e-37
WARNING: density of clusters is negative -1.912675429683044e-28
WARNING: density of clusters is negative -6.915436243756881e-28
WARNING: density of clusters is negative -1.763021462905957e-21
WARNING: density of clusters is negative -6.033464489978234e-24
WARNING: density of clusters is negative -1.0771433013424814e-53
WARNING: density of clusters is negative -8.925791371268262e-33
WARNING: density of clusters is negative -2.606780404225126e-25
WARNING: density of clusters is negative -1.0069993998240316e-16
WARNING: density of clusters is negative -1.2207384946380682e-14
WARNING: density of clusters is negative -5.089888984353672e-16
WARNING: density of clusters is negative -3.773594355805975e-14
WARNING: density of clusters is negative -1.3571891478532663e-12
WARNING: density of clusters is negative -1.1446265372011804e-33
WARNING: density of clusters is negative -7.022809937356638e-15
WARNING: density of clusters is negative -2.3379263539637324e-13
WARNING: density of clusters is negative -1.1678627253293828e-20
WARNING: density of clusters is negative -2.0097865599807523e-20
WARNING: density of clusters is negative -1.6514620225890273e-18
WARNING2: density of small clusters is negative -7.586688521643787e-10
WARNING: density of clusters is negative -1.4862901313185453e-16
WARNING: density of clusters is negative -5.3961646430617394e-14
WARNING: density of clusters is negative -8.307397117682407e-29
WARNING: density of clusters is negative -4.982345634376213e-14
WARNING: density of clusters is negative -7.516277939082755e-15
WARNING: density of clusters is negative -1.1108834897238534e-16
WARNING: density of clusters is negative -8.764438689948471e-21
WARNING: density of clusters is negative -9.186308244017584e-19
WARNING: density of clusters is negative -4.350921094658342e-16
WARNING: density of clusters is negative -2.471794754509109e-18
WARNING: density of clusters is negative -7.451462693269332e-17
WARNING: density of clusters is negative -4.628603962686455e-50
WARNING: density of clusters is negative -3.351571371527568e-36
WARNING: density of clusters is negative -1.9672150110752004e-31
WARNING: density of clusters is negative -9.522664715404732e-24
WARNING: density of clusters is negative -1.4426701894141738e-25
WARNING: density of clusters is negative -2.0488359528796564e-14
WARNING: density of clusters is negative -1.622683770849297e-40
WARNING: density of clusters is negative -1.9792343444659738e-23
WARNING: density of clusters is negative -5.0027728456005025e-36
WARNING: density of clusters is negative -4.8225613787438185e-27
WARNING: density of clusters is negative -3.8145953187520034e-31
WARNING: density of clusters is negative -9.030119746938023e-25
WARNING: density of clusters is negative -8.683787045065986e-22
WARNING: density of clusters is negative -4.039431254477447e-16
WARNING: density of clusters is negative -4.2927884067314426e-44
WARNING: density of clusters is negative -4.4482097561342265e-29
WARNING: density of clusters is negative -4.730043479746937e-27
WARNING: density of clusters is negative -2.4806408006826722e-17
WARNING: density of clusters is negative -1.3980637515459774e-16
WARNING: density of clusters is negative -9.66156981920447e-20
WARNING: density of clusters is negative -3.730654047108008e-20
WARNING: density of clusters is negative -2.86001124192948e-34
WARNING: density of clusters is negative -2.961555492258887e-12
WARNING: density of clusters is negative -3.503759100753157e-31
WARNING: density of clusters is negative -4.7958619835364445e-18
WARNING: density of clusters is negative -4.609136969328761e-15
WARNING: density of clusters is negative -3.380260470703178e-24
WARNING: density of clusters is negative -8.11325874282999e-30
WARNING: density of clusters is negative -5.97994239930941e-52
WARNING: density of clusters is negative -1.2952551503945762e-51
WARNING: density of clusters is negative -8.070313212722333e-55
WARNING: density of clusters is negative -3.650875050454925e-50
WARNING: density of clusters is negative -3.278764567816296e-27
WARNING: density of clusters is negative -2.994139489106501e-27
WARNING: density of clusters is negative -2.2735754776991097e-19
WARNING: density of clusters is negative -3.633486006631623e-16
WARNING: density of clusters is negative -2.426728856251362e-43
WARNING: density of clusters is negative -5.2391449882274846e-36
WARNING: density of clusters is negative -3.3166031134680376e-21
WARNING: density of clusters is negative -1.8379554929714399e-22
WARNING: density of clusters is negative -7.589870025892497e-25
WARNING: density of clusters is negative -3.0007162252639646e-52
WARNING: density of clusters is negative -1.9668583973506467e-42
WARNING: density of clusters is negative -1.6105462257926967e-22
WARNING: density of clusters is negative -1.126202053181873e-37
WARNING: density of clusters is negative -3.5397146342251e-29
WARNING: density of clusters is negative -1.026347134078617e-46
WARNING: density of clusters is negative -4.149356038285144e-31
WARNING: density of clusters is negative -2.7503445051269113e-35
WARNING: density of clusters is negative -1.4725589946901565e-24
WARNING: density of clusters is negative -1.414822061990215e-18
WARNING: density of clusters is negative -4.7104889104798607e-29
WARNING: density of clusters is negative -9.307562263348914e-42
WARNING: density of clusters is negative -5.869903268245819e-32
WARNING: density of clusters is negative -1.4664612210330515e-20
WARNING: density of clusters is negative -9.011643357395473e-24
WARNING: density of clusters is negative -1.1044314417083703e-13
WARNING: density of clusters is negative -8.517479390183969e-42
WARNING: density of clusters is negative -2.097430107871919e-28
WARNING: density of clusters is negative -2.8571647220490967e-40
WARNING: density of clusters is negative -2.4136801855927693e-18
WARNING: density of clusters is negative -5.735188914983279e-46
WARNING: density of clusters is negative -2.143613784555066e-15
WARNING: density of clusters is negative -9.337907962085927e-37
WARNING: density of clusters is negative -1.2339351966813525e-18
WARNING: density of clusters is negative -8.89363019453958e-17
WARNING: density of clusters is negative -4.358287207090383e-35
WARNING: density of clusters is negative -6.493301933831455e-28
WARNING: density of clusters is negative -5.489471724906684e-22
WARNING: density of clusters is negative -2.8750003487339264e-30
WARNING: density of clusters is negative -1.6032624816598763e-16
WARNING: density of clusters is negative -7.359035767369594e-34
WARNING: density of clusters is negative -3.721338183470645e-40
WARNING: density of clusters is negative -1.1878361059052133e-33
WARNING: density of clusters is negative -3.974829006945836e-21
WARNING: density of clusters is negative -1.4197402847008429e-15
WARNING: density of clusters is negative -2.466394111749225e-13
WARNING: density of clusters is negative -3.873596184991996e-42
WARNING: density of clusters is negative -4.94575606490486e-37
WARNING: density of clusters is negative -7.477700113728438e-31
WARNING: density of clusters is negative -2.796547323405056e-36
WARNING: density of clusters is negative -4.701220564817528e-42
WARNING: density of clusters is negative -3.6818706515283035e-36
WARNING: density of clusters is negative -1.6667394624116925e-33
WARNING: density of clusters is negative -2.7556635763999277e-33
WARNING: density of clusters is negative -1.223524266659466e-20
WARNING: density of clusters is negative -2.9111245570839097e-18
WARNING: density of clusters is negative -5.044642532896664e-17
WARNING: density of clusters is negative -1.4271017405765722e-43
WARNING: density of clusters is negative -5.556775229438852e-15
WARNING2: density of small clusters is negative -2.260971379990208e-09
WARNING: density of clusters is negative -6.705138081769581e-18
WARNING: density of clusters is negative -1.370340341310297e-17
WARNING: density of clusters is negative -1.3390603187209598e-20
WARNING: density of clusters is negative -1.910162675427565e-14
WARNING: density of clusters is negative -5.903761397951729e-16
WARNING: density of clusters is negative -2.40565685696347e-16
WARNING: density of clusters is negative -1.7390387552373058e-10
WARNING: density of clusters is negative -7.300901391394481e-14
WARNING: density of clusters is negative -2.5373454641084817e-24
WARNING: density of clusters is negative -4.2679453730069264e-24
WARNING: density of clusters is negative -3.5116302700720356e-13
WARNING: density of clusters is negative -2.79443837045788e-16
WARNING: density of clusters is negative -3.765631374441592e-26
WARNING: density of clusters is negative -1.0443349616965748e-21
WARNING: density of clusters is negative -7.188640939807955e-13
WARNING: density of clusters is negative -6.458196963720478e-13
WARNING: density of clusters is negative -8.041182634229944e-14
WARNING: density of clusters is negative -1.1119956851187653e-23
WARNING: density of clusters is negative -1.6579803475330967e-20
WARNING: density of clusters is negative -1.9007955722144366e-13
WARNING: density of clusters is negative -1.4871465604827761e-19
WARNING: density of clusters is negative -2.5351357686651936e-14
WARNING: density of clusters is negative -6.712619516301554e-22
WARNING: density of clusters is negative -7.450855685223773e-13
WARNING: density of clusters is negative -3.945832535833676e-17
WARNING: density of clusters is negative -1.4672476367718433e-18
WARNING: density of clusters is negative -7.123414942236271e-28
WARNING: density of clusters is negative -6.3951312386047676e-18
WARNING: density of clusters is negative -2.274656517309682e-13
WARNING: density of clusters is negative -5.432195441186872e-21
WARNING: density of clusters is negative -7.89979381014647e-13
WARNING: density of clusters is negative -1.1814033516418765e-12
WARNING: density of clusters is negative -9.226641901232018e-14
WARNING: density of clusters is negative -8.989970633845686e-13
WARNING: density of clusters is negative -2.9907492680543907e-30
WARNING: density of clusters is negative -1.041485349228265e-19
WARNING: density of clusters is negative -1.1536571855184256e-17
WARNING: density of clusters is negative -6.966078690443399e-16
WARNING: density of clusters is negative -7.862793753387136e-32
WARNING: density of clusters is negative -6.252113615624913e-24
WARNING: density of clusters is negative -4.8852353251292915e-22
WARNING: density of clusters is negative -2.3292553377039817e-26
WARNING: density of clusters is negative -4.460063618464496e-27
WARNING: density of clusters is negative -1.5385697528956861e-18
WARNING: density of clusters is negative -2.0444825543487756e-15
WARNING: density of clusters is negative -2.247678787776846e-26
WARNING: density of clusters is negative -7.141948479002307e-28
WARNING: density of clusters is negative -1.0544027851112119e-62
WARNING: density of clusters is negative -1.0194780831546369e-35
WARNING: density of clusters is negative -8.453006561765942e-33
WARNING: density of clusters is negative -2.9422107606178194e-25
WARNING: density of clusters is negative -2.0527905916937618e-22
WARNING: density of clusters is negative -7.089818266499657e-35
WARNING: density of clusters is negative -7.500304735482709e-23
WARNING: density of clusters is negative -4.930582275213825e-37
WARNING: density of clusters is negative -1.8629546517688706e-30
WARNING: density of clusters is negative -1.605808059173398e-43
WARNING: density of clusters is negative -1.181937039158647e-35
WARNING: density of clusters is negative -8.963951661136698e-49
WARNING: density of clusters is negative -4.594728540536468e-42
WARNING: density of clusters is negative -2.6101565959979948e-21
WARNING: density of clusters is negative -6.91813999309428e-26
WARNING: density of clusters is negative -1.6796341657016154e-30
WARNING: density of clusters is negative -1.3887589290405574e-26
WARNING: density of clusters is negative -8.740015046042013e-41
WARNING: density of clusters is negative -2.288900550893521e-27
WARNING: density of clusters is negative -1.0575933737449163e-20
WARNING: density of clusters is negative -4.2162142269592973e-26
WARNING: density of clusters is negative -1.7897802145304092e-39
WARNING: density of clusters is negative -3.9246866328774795e-46
WARNING: density of clusters is negative -8.983932185956108e-40
WARNING: density of clusters is negative -6.45558619307982e-26
WARNING: density of clusters is negative -1.6335130274031942e-51
WARNING: density of clusters is negative -1.802155311648206e-46
WARNING: density of clusters is negative -3.1523073361558876e-20
WARNING: density of clusters is negative -1.0656704031324651e-18
WARNING: density of clusters is negative -1.9379140138290442e-25
WARNING: density of clusters is negative -1.2182269491660883e-19
WARNING: density of clusters is negative -2.50021166233315e-20
WARNING: density of clusters is negative -5.8892494586492194e-36
WARNING: density of clusters is negative -7.233937531997507e-23
WARNING: density of clusters is negative -6.815814240045433e-20
WARNING: density of clusters is negative -3.7525364087950414e-24
WARNING: density of clusters is negative -2.574610425212357e-18
WARNING: density of clusters is negative -2.259677570714387e-40
WARNING: density of clusters is negative -1.2699493358216087e-29
WARNING: density of clusters is negative -1.5307615499314496e-23
WARNING: density of clusters is negative -4.511177068799263e-19
WARNING: density of clusters is negative -3.17471382222235e-29
WARNING: density of clusters is negative -8.12104607416217e-43
WARNING: density of clusters is negative -5.0937565675695225e-27
WARNING: density of clusters is negative -2.059893873081294e-26
WARNING: density of clusters is negative -1.9887365226244186e-18
WARNING: density of clusters is negative -1.162514381128032e-25
WARNING: density of clusters is negative -1.9212192512119056e-17
WARNING: density of clusters is negative -6.128758323450938e-42
WARNING: density of clusters is negative -2.364324372943055e-19
WARNING: density of clusters is negative -7.688406517635513e-42
WARNING: density of clusters is negative -2.459908726939397e-39
WARNING: density of clusters is negative -3.701612440573624e-41
WARNING: density of clusters is negative -3.617836472718055e-28
WARNING: density of clusters is negative -4.316368912368104e-20
WARNING: density of clusters is negative -1.6853085214972581e-47
WARNING: density of clusters is negative -8.531205880249485e-32
WARNING: density of clusters is negative -8.847811608077361e-32
WARNING: density of clusters is negative -1.819225761993691e-28
WARNING: density of clusters is negative -3.7995458079273366e-22
WARNING: density of clusters is negative -9.36157316211474e-29
WARNING: density of clusters is negative -4.7022124927779765e-26
WARNING: density of clusters is negative -8.317973930147697e-14
WARNING: density of clusters is negative -7.848974297173323e-63
WARNING: density of clusters is negative -3.7197681356710695e-22
WARNING: density of clusters is negative -2.0299498008033356e-29
WARNING: density of clusters is negative -2.1558441895265887e-26
WARNING: density of clusters is negative -4.151931266961441e-31
WARNING: density of clusters is negative -7.817165626970719e-12
WARNING: density of clusters is negative -9.927445397394952e-41
WARNING: density of clusters is negative -7.339386581923704e-41
WARNING: density of clusters is negative -2.932331570862642e-21
WARNING: density of clusters is negative -1.5992873309323366e-23
WARNING: density of clusters is negative -2.3599901561516177e-33
WARNING: density of clusters is negative -1.342069118512631e-28
WARNING: density of clusters is negative -1.5906506781742606e-31
WARNING: density of clusters is negative -6.653962978076866e-47
WARNING: density of clusters is negative -8.53318545654923e-22
WARNING: density of clusters is negative -5.943632581866083e-26
WARNING: density of clusters is negative -2.4090210233169114e-37
WARNING: density of clusters is negative -1.2956847704892758e-22
WARNING: density of clusters is negative -8.786913985124326e-19
WARNING: density of clusters is negative -3.745453693876955e-20
WARNING: density of clusters is negative -1.031567618073042e-15
WARNING: density of clusters is negative -1.4518637764720742e-14
WARNING: density of clusters is negative -1.431703668168974e-15
WARNING: density of clusters is negative -5.137513838243906e-16
WARNING: density of clusters is negative -2.3725989806374796e-16
WARNING: density of clusters is negative -2.113402146788827e-13
WARNING: density of clusters is negative -2.1341010165717997e-19
WARNING: density of clusters is negative -1.5743971583666109e-15
WARNING: density of clusters is negative -4.469188112667636e-19
WARNING: density of clusters is negative -2.594802070830276e-14
WARNING: density of clusters is negative -1.367777474293462e-18
WARNING: density of clusters is negative -8.456070459730999e-12
WARNING: density of clusters is negative -1.2338255926694306e-24
WARNING: density of clusters is negative -4.650333902548439e-14
WARNING: density of clusters is negative -4.0464924258600085e-18
WARNING: density of clusters is negative -7.168640528181919e-16
WARNING: density of clusters is negative -2.2470932607114234e-15
WARNING: density of clusters is negative -4.5525473854353416e-17
WARNING: density of clusters is negative -1.8443104340145204e-15
WARNING: density of clusters is negative -1.8180558210517958e-13
WARNING: density of clusters is negative -1.0038316241997117e-22
WARNING: density of clusters is negative -4.1635469301379624e-16
WARNING: density of clusters is negative -1.901940777701424e-13
WARNING: density of clusters is negative -2.4713129994615907e-13
WARNING: density of clusters is negative -2.9102197216007257e-16
WARNING: density of clusters is negative -2.7069603838767522e-14
WARNING: density of clusters is negative -6.511908857156554e-14
WARNING: density of clusters is negative -1.52832425131105e-14
WARNING: density of clusters is negative -3.660095466052278e-13
WARNING: density of clusters is negative -4.3078836623802635e-24
WARNING: density of clusters is negative -1.5721998293554364e-14
WARNING: density of clusters is negative -7.533872935229639e-14
WARNING: density of clusters is negative -1.1918589189041799e-14
WARNING: density of clusters is negative -1.0146694970895834e-16
WARNING: density of clusters is negative -5.48397601570525e-60
WARNING: density of clusters is negative -7.749839300022677e-35
WARNING: density of clusters is negative -4.0318452605709433e-22
WARNING: density of clusters is negative -6.595868952725644e-53
WARNING: density of clusters is negative -7.62511225351443e-30
WARNING: density of clusters is negative -4.591193202266704e-33
WARNING: density of clusters is negative -1.5344419658208726e-23
WARNING: density of clusters is negative -6.830811925612135e-53
WARNING: density of clusters is negative -2.9935608766173504e-44
WARNING: density of clusters is negative -1.7123523170860012e-14
WARNING: density of clusters is negative -1.1120561172538713e-24
WARNING: density of clusters is negative -4.808223845465261e-13
WARNING: density of clusters is negative -4.1161276412960263e-25
WARNING: density of clusters is negative -6.74384468883789e-15
WARNING: density of clusters is negative -2.043911658142018e-16
WARNING: density of clusters is negative -1.973924770649201e-15
WARNING: density of clusters is negative -7.043296956612224e-24
WARNING: density of clusters is negative -1.2194846430553492e-15
WARNING: density of clusters is negative -3.7824240545185524e-14
WARNING: density of clusters is negative -3.293571958313144e-15
WARNING: density of clusters is negative -1.2675761734396811e-15
WARNING: density of clusters is negative -1.6579879108503636e-24
WARNING: density of clusters is negative -1.2671287590557424e-18
WARNING: density of clusters is negative -4.31633872298984e-15
WARNING: density of clusters is negative -8.262762685033498e-14
WARNING: density of clusters is negative -6.943378759809605e-17
WARNING: density of clusters is negative -1.4606137130225886e-24
WARNING: density of clusters is negative -2.3452108459364358e-22
WARNING: density of clusters is negative -1.4604428195207555e-17
WARNING: density of clusters is negative -5.206509594356062e-13
WARNING: density of clusters is negative -6.971344602985427e-16
WARNING: density of clusters is negative -9.66020302125907e-13
WARNING: density of clusters is negative -3.674107609478287e-14
WARNING: density of clusters is negative -5.425413370325143e-34
WARNING: density of clusters is negative -1.7017411952090136e-17
WARNING: density of clusters is negative -4.4835735011671266e-14
WARNING: density of clusters is negative -4.172393204748683e-19
WARNING: density of clusters is negative -1.0617156955847697e-13
WARNING: density of clusters is negative -9.639844257116725e-15
WARNING: density of clusters is negative -2.3648179874479486e-15
WARNING: density of clusters is negative -7.091301007018741e-13
WARNING: density of clusters is negative -2.3210981797018713e-25
WARNING: density of clusters is negative -6.08464103753265e-13
WARNING: density of clusters is negative -3.993641500588429e-17
WARNING: density of clusters is negative -1.1912707578232467e-14
WARNING: density of clusters is negative -1.1025820449777567e-25
WARNING: density of clusters is negative -8.856959482174404e-13
WARNING: density of clusters is negative -1.269234648518242e-32
WARNING: density of clusters is negative -1.912026525567063e-43
WARNING: density of clusters is negative -7.1064821162556155e-25
WARNING: density of clusters is negative -6.481339953781296e-19
WARNING: density of clusters is negative -2.5413881551762225e-51
WARNING: density of clusters is negative -1.7906047564837808e-25
WARNING: density of clusters is negative -6.64598516432032e-26
WARNING: density of clusters is negative -3.6269374801951545e-32
WARNING: density of clusters is negative -3.406167530105675e-25
WARNING: density of clusters is negative -1.7723737744619756e-30
WARNING: density of clusters is negative -5.2530332763909954e-45
WARNING: density of clusters is negative -5.957930492009868e-32
WARNING: density of clusters is negative -4.148264655630892e-25
WARNING: density of clusters is negative -5.831583901031937e-29
WARNING: density of clusters is negative -4.555315949562665e-39
WARNING: density of clusters is negative -2.341460984849569e-35
WARNING: density of clusters is negative -2.9777555049176237e-22
WARNING: density of clusters is negative -3.632777376406677e-40
WARNING: density of clusters is negative -1.7995410226253178e-17
WARNING: density of clusters is negative -1.120264435392683e-24
WARNING: density of clusters is negative -2.894114093637134e-18
WARNING: density of clusters is negative -1.0978128470559664e-27
WARNING: density of clusters is negative -4.0953313933584674e-22
WARNING: density of clusters is negative -5.180546264700431e-45
WARNING: density of clusters is negative -2.520060308795384e-53
WARNING: density of clusters is negative -5.745166488601515e-14
WARNING: density of clusters is negative -5.0437673559721595e-40
WARNING: density of clusters is negative -1.2840233994923946e-29
WARNING: density of clusters is negative -7.929334429477865e-15
WARNING: density of clusters is negative -1.1963086259231205e-29
WARNING: density of clusters is negative -1.4506980591095513e-22
WARNING: density of clusters is negative -5.32461694144567e-27
WARNING: density of clusters is negative -1.3255808384884455e-22
WARNING: density of clusters is negative -2.8539248172555455e-27
WARNING: density of clusters is negative -9.548981144175221e-46
WARNING: density of clusters is negative -4.085124552584158e-18
WARNING: density of clusters is negative -2.73254799879598e-15
WARNING: density of clusters is negative -1.2769073196138915e-21
WARNING: density of clusters is negative -6.76256349584333e-36
WARNING: density of clusters is negative -6.636736746574159e-37
WARNING: density of clusters is negative -9.33836719422289e-33
WARNING: density of clusters is negative -5.620957516807891e-23
WARNING: density of clusters is negative -5.746493835498159e-16
WARNING: density of clusters is negative -2.389527814712934e-16
WARNING: density of clusters is negative -8.457938347825469e-16
WARNING: density of clusters is negative -1.4220089468503731e-18
WARNING: density of clusters is negative -2.3580418982561425e-16
WARNING: density of clusters is negative -7.188504507576014e-14
WARNING: density of clusters is negative -9.728578497381762e-14
WARNING: density of clusters is negative -3.0920437588976675e-24
WARNING: density of clusters is negative -2.2992324875209293e-21
WARNING: density of clusters is negative -1.442782426145858e-17
WARNING: density of clusters is negative -1.2502170508940801e-15
WARNING: density of clusters is negative -3.9287478091575614e-14
WARNING: density of clusters is negative -1.1100429899340008e-15
WARNING: density of clusters is negative -2.1535070547546382e-23
WARNING: density of clusters is negative -7.746982142489415e-18
WARNING: density of clusters is negative -3.1232395137754886e-15
WARNING: density of clusters is negative -1.779665316280675e-27
WARNING: density of clusters is negative -3.80900397492854e-25
WARNING: density of clusters is negative -3.3119681844103643e-20
WARNING: density of clusters is negative -4.415426458783409e-13
WARNING: density of clusters is negative -3.217333826907337e-26
WARNING: density of clusters is negative -2.8191907823389617e-21
WARNING: density of clusters is negative -2.5243624887146736e-15
WARNING: density of clusters is negative -4.3953415424629365e-16
WARNING: density of clusters is negative -2.1809570244997736e-31
WARNING: density of clusters is negative -1.7121181169589764e-18
WARNING: density of clusters is negative -3.657482691346337e-15
WARNING: density of clusters is negative -1.3588586215111213e-27
WARNING: density of clusters is negative -1.6533105575724465e-13
WARNING: density of clusters is negative -3.78622748710073e-14
WARNING: density of clusters is negative -1.1675288876916045e-20
WARNING: density of clusters is negative -6.632044865898251e-14
WARNING: density of clusters is negative -2.1186750641586777e-27
WARNING: density of clusters is negative -1.4170811471353092e-14
WARNING: density of clusters is negative -2.985682487479781e-19
WARNING: density of clusters is negative -1.058166666350943e-11
WARNING: density of clusters is negative -1.5018876289838862e-16
WARNING: density of clusters is negative -9.263629685340807e-14
WARNING: density of clusters is negative -7.307893618200487e-21
WARNING: density of clusters is negative -2.0886765712443297e-16
WARNING: density of clusters is negative -7.181435189527845e-18
WARNING: density of clusters is negative -3.6106497534860605e-16
WARNING: density of clusters is negative -3.2977355317418837e-13
WARNING: density of clusters is negative -7.327738274650525e-12
WARNING: density of clusters is negative -1.078036744119674e-14
WARNING: density of clusters is negative -4.0957551525282435e-14
WARNING: density of clusters is negative -2.6304150490568202e-25
WARNING: density of clusters is negative -1.844812318939202e-15
WARNING: density of clusters is negative -9.119439561988347e-13
WARNING: density of clusters is negative -1.4786254589515699e-15
WARNING: density of clusters is negative -8.566528041515909e-14
WARNING: density of clusters is negative -3.8272850868555745e-12
WARNING: density of clusters is negative -1.8451660258945338e-13
WARNING: density of clusters is negative -5.966529701734527e-16
WARNING: density of clusters is negative -3.907288931251503e-16
WARNING: density of clusters is negative -1.472988833343581e-14
WARNING: density of clusters is negative -3.360237410997796e-15
WARNING: density of clusters is negative -3.37495483458509e-14
WARNING: density of clusters is negative -1.8749447436270464e-17
WARNING: density of clusters is negative -3.716502598107593e-12
WARNING: density of clusters is negative -2.5004693444088384e-12
WARNING: density of clusters is negative -2.403436946524633e-16
WARNING: density of clusters is negative -2.8272584874105025e-21
WARNING: density of clusters is negative -4.005984083282213e-14
WARNING: density of clusters is negative -1.7143007646083318e-14
WARNING: density of clusters is negative -5.298041808039899e-15
WARNING: density of clusters is negative -3.0208832295642357e-15
WARNING: density of clusters is negative -2.9222085044053268e-15
WARNING: density of clusters is negative -3.0741431658504384e-13
WARNING: density of clusters is negative -6.353004790573496e-15
WARNING: density of clusters is negative -1.860018984510984e-13
WARNING: density of clusters is negative -6.2650966533752816e-15
WARNING: density of clusters is negative -9.765015559067626e-12
WARNING: density of clusters is negative -1.213360416173926e-13
WARNING: density of clusters is negative -2.0406638837103126e-15
WARNING: density of clusters is negative -5.795286514449943e-28
WARNING: density of clusters is negative -2.481071434769172e-14
WARNING: density of clusters is negative -7.778887045833101e-13
WARNING: density of clusters is negative -1.8543832648149454e-11
WARNING: density of clusters is negative -4.88828710403893e-20
WARNING: density of clusters is negative -7.043296956612224e-24
WARNING: density of clusters is negative -3.8274366659701995e-20
WARNING: density of clusters is negative -9.988395207349286e-14
WARNING: density of clusters is negative -5.403567039418325e-27
WARNING: density of clusters is negative -9.696894983152833e-16
WARNING: density of clusters is negative -7.356142237054429e-16
WARNING: density of clusters is negative -1.5459236459771196e-12
WARNING: density of clusters is negative -1.0077800675096362e-16
WARNING: density of clusters is negative -1.2152165200127436e-24
WARNING: density of clusters is negative -1.6300526778678779e-22
WARNING: density of clusters is negative -1.1195292546172294e-20
WARNING: density of clusters is negative -6.13699438611845e-13
WARNING: density of clusters is negative -1.6373638114233133e-15
WARNING: density of clusters is negative -3.660095466052278e-13
WARNING: density of clusters is negative -2.832582945239851e-12
WARNING: density of clusters is negative -2.5440811050199637e-13
WARNING: density of clusters is negative -1.0645316329353697e-17
WARNING: density of clusters is negative -7.226757651309726e-19
WARNING: density of clusters is negative -5.980757685396788e-24
WARNING: density of clusters is negative -1.2276468997226258e-17
WARNING: density of clusters is negative -8.899864204034454e-35
WARNING: density of clusters is negative -2.8929577105292367e-14
WARNING: density of clusters is negative -2.644528650615727e-27
WARNING: density of clusters is negative -7.530042505937817e-15
WARNING: density of clusters is negative -3.868951615657239e-18
WARNING: density of clusters is negative -3.776442932839372e-23
WARNING: density of clusters is negative -1.0988918388228937e-17
WARNING: density of clusters is negative -4.068791575724038e-16
WARNING: density of clusters is negative -9.601711973473336e-17
WARNING: density of clusters is negative -1.217813240011949e-30
WARNING: density of clusters is negative -3.3246044937384877e-25
WARNING: density of clusters is negative -5.1783596035887505e-12
WARNING: density of clusters is negative -1.8977157608531e-15
WARNING: density of clusters is negative -4.876496767879734e-17
WARNING: density of clusters is negative -5.471966544413992e-13
WARNING: density of clusters is negative -1.8382234358978734e-21
WARNING: density of clusters is negative -1.2876574142006288e-16
WARNING: density of clusters is negative -1.0437277598722805e-18
WARNING: density of clusters is negative -3.199007464788304e-14
WARNING: density of clusters is negative -3.042059225593497e-16
WARNING: density of clusters is negative -1.188380795316551e-12
WARNING: density of clusters is negative -7.365893139395853e-25
WARNING: density of clusters is negative -9.21478606097156e-24
WARNING: density of clusters is negative -1.1195956002636808e-15
WARNING: density of clusters is negative -1.464701377268965e-12
WARNING: density of clusters is negative -5.253972490464959e-25
WARNING: density of clusters is negative -6.278241822738558e-21
WARNING: density of clusters is negative -5.285176535634868e-21
WARNING: density of clusters is negative -2.555630609458549e-29
WARNING: density of clusters is negative -1.7985251540476796e-13
WARNING: density of clusters is negative -6.132753692072866e-13
WARNING: density of clusters is negative -4.076468152753434e-13
WARNING: density of clusters is negative -5.162489443477715e-13
WARNING: density of clusters is negative -4.605974440015119e-17
WARNING: density of clusters is negative -3.1360095644798574e-24
WARNING: density of clusters is negative -4.394552470264528e-24
WARNING: density of clusters is negative -1.2399917167423203e-41
WARNING: density of clusters is negative -1.659327625897355e-33
WARNING: density of clusters is negative -8.384387408678628e-55
WARNING: density of clusters is negative -4.5866969642644524e-40
WARNING: density of clusters is negative -7.605446557754584e-34
WARNING: density of clusters is negative -5.885040135931027e-26
WARNING: density of clusters is negative -4.7400040729656336e-24
WARNING: density of clusters is negative -6.115850085632344e-20
WARNING: density of clusters is negative -6.454149582850119e-52
WARNING: density of clusters is negative -3.290184400563415e-42
WARNING: density of clusters is negative -1.0158452507329977e-23
WARNING: density of clusters is negative -1.7795413906445732e-12
WARNING: density of clusters is negative -2.6902128620745487e-51
WARNING: density of clusters is negative -2.707223910659631e-23
WARNING: density of clusters is negative -1.5927785320527401e-24
WARNING: density of clusters is negative -3.337527394588081e-19
WARNING: density of clusters is negative -5.165261883871238e-21
WARNING: density of clusters is negative -3.7108935993961694e-14
WARNING: density of clusters is negative -7.917611398149245e-35
WARNING: density of clusters is negative -9.068733992252944e-38
WARNING: density of clusters is negative -1.6721867680425132e-13
WARNING: density of clusters is negative -5.785269836354514e-49
WARNING: density of clusters is negative -1.811873497650546e-27
WARNING: density of clusters is negative -4.080900497074054e-43
WARNING: density of clusters is negative -6.458970606131582e-29
WARNING: density of clusters is negative -1.0023536714163084e-17
WARNING: density of clusters is negative -3.3319947781864865e-31
WARNING: density of clusters is negative -8.55825950627461e-24
WARNING: density of clusters is negative -3.996168061184602e-36
WARNING: density of clusters is negative -3.8387020443239746e-21
WARNING: density of clusters is negative -7.072980500537159e-45
WARNING: density of clusters is negative -9.09485650864687e-40
WARNING: density of clusters is negative -7.59117847797941e-25
WARNING: density of clusters is negative -1.0190778683634137e-22
WARNING: density of clusters is negative -4.060846152110349e-28
WARNING: density of clusters is negative -5.896161074620934e-27
WARNING: density of clusters is negative -1.3018021084727173e-33
WARNING: density of clusters is negative -8.741696023553638e-30
WARNING: density of clusters is negative -9.265169165662622e-30
WARNING: density of clusters is negative -1.2611597639970109e-21
WARNING: density of clusters is negative -2.613627742139613e-26
WARNING: density of clusters is negative -7.655142430145623e-24
WARNING: density of clusters is negative -1.4665957277463085e-43
WARNING: density of clusters is negative -7.752447082715623e-41
WARNING: density of clusters is negative -8.603578810014777e-13
WARNING: density of clusters is negative -2.9330481323115857e-13
WARNING: density of clusters is negative -1.249035331373923e-26
WARNING: density of clusters is negative -2.9963383455170783e-46
WARNING: density of clusters is negative -1.1905319747408452e-20
WARNING: density of clusters is negative -7.224635234394757e-41
WARNING: density of clusters is negative -1.077392378022905e-22
WARNING: density of clusters is negative -4.350170323090089e-48
WARNING: density of clusters is negative -1.5948631248452397e-29
WARNING: density of clusters is negative -1.1042815459728123e-18
WARNING: density of clusters is negative -1.0933660659044208e-46
WARNING: density of clusters is negative -8.734790372639841e-41
WARNING: density of clusters is negative -4.186750026067679e-39
WARNING: density of clusters is negative -2.3793403903180743e-15
WARNING: density of clusters is negative -9.479774444809251e-23
WARNING: density of clusters is negative -6.187006293240558e-14
WARNING: density of clusters is negative -1.7694179021376053e-52
WARNING: density of clusters is negative -1.750757884332197e-38
WARNING: density of clusters is negative -2.828750240946396e-33
WARNING: density of clusters is negative -1.873134519682113e-15
WARNING: density of clusters is negative -2.0150258233234324e-14
WARNING: density of clusters is negative -4.367170310002016e-27
WARNING: density of clusters is negative -4.308330371786628e-32
WARNING: density of clusters is negative -9.645331974399898e-31
WARNING: density of clusters is negative -1.91998534894617e-23
WARNING: density of clusters is negative -3.7043496181652027e-19
WARNING: density of clusters is negative -2.1450078436350307e-24
WARNING: density of clusters is negative -2.4771301653476846e-15
WARNING: density of clusters is negative -2.4665023081905293e-13
WARNING: density of clusters is negative -5.298041808039899e-15
WARNING: density of clusters is negative -9.728578497381762e-14
WARNING: density of clusters is negative -2.0510358015324103e-18
WARNING: density of clusters is negative -3.4427191542111175e-17
WARNING: density of clusters is negative -9.493566910091703e-15
WARNING: density of clusters is negative -5.277817256689803e-13
WARNING: density of clusters is negative -9.786115618692314e-29
WARNING: density of clusters is negative -3.1285192261470096e-16
WARNING: density of clusters is negative -2.6644596019759914e-13
WARNING: density of clusters is negative -4.8052139147069504e-14
WARNING: density of clusters is negative -1.0784044126767482e-20
WARNING: density of clusters is negative -1.5298154513901445e-17
WARNING: density of clusters is negative -3.2703446234782905e-29
WARNING: density of clusters is negative -9.66020302125907e-13
WARNING: density of clusters is negative -5.429891730935402e-13
WARNING: density of clusters is negative -6.39698589860824e-18
WARNING: density of clusters is negative -1.9272004409001705e-18
WARNING: density of clusters is negative -2.1531203248219605e-25
WARNING: density of clusters is negative -1.8850640604008968e-20
WARNING: density of clusters is negative -1.486921604779716e-11
WARNING: density of clusters is negative -3.726838064521286e-15
WARNING: density of clusters is negative -5.361786559952859e-26
WARNING: density of clusters is negative -1.480486425719958e-14
WARNING: density of clusters is negative -4.96934333753351e-21
WARNING: density of clusters is negative -1.9444871008790025e-14
WARNING: density of clusters is negative -1.6694742454350254e-13
WARNING: density of clusters is negative -7.676240107982555e-22
WARNING: density of clusters is negative -1.8200050264284225e-13
WARNING: density of clusters is negative -4.646872295612726e-26
WARNING: density of clusters is negative -5.9641635950916605e-15
WARNING: density of clusters is negative -2.965853330073816e-12
WARNING: density of clusters is negative -1.2992349696395472e-24
WARNING: density of clusters is negative -6.641683088910574e-16
WARNING: density of clusters is negative -2.1592282200835452e-17
WARNING: density of clusters is negative -5.1423666235377855e-14
WARNING: density of clusters is negative -3.010374132632145e-24
WARNING: density of clusters is negative -4.510534565017172e-15
WARNING: density of clusters is negative -6.946525141168602e-14
WARNING: density of clusters is negative -3.75801615218203e-23
WARNING: density of clusters is negative -4.021685770547593e-16
WARNING: density of clusters is negative -3.300175521059419e-17
WARNING: density of clusters is negative -1.3588565675943891e-27
WARNING: density of clusters is negative -3.028258847118872e-13
WARNING: density of clusters is negative -1.5423839318213363e-23
WARNING: density of clusters is negative -6.898876714723517e-19
WARNING: density of clusters is negative -6.45932619624912e-22
WARNING: density of clusters is negative -6.748763289873121e-23
WARNING: density of clusters is negative -5.946905380160837e-17
WARNING: density of clusters is negative -1.8895190406706316e-27
WARNING: density of clusters is negative -3.286139669989312e-17
WARNING: density of clusters is negative -1.4641335481697939e-13
WARNING: density of clusters is negative -1.2626306157078823e-12
WARNING: density of clusters is negative -4.49805342133293e-17
WARNING: density of clusters is negative -1.0916099853075022e-14
WARNING: density of clusters is negative -5.834296822306597e-13
WARNING: density of clusters is negative -2.471017533409531e-13
WARNING: density of clusters is negative -3.948547877919612e-17
WARNING: density of clusters is negative -3.644145202416654e-18
WARNING: density of clusters is negative -1.6694742454350254e-13
WARNING: density of clusters is negative -1.0613517454890721e-19
WARNING: density of clusters is negative -7.043296956612224e-24
WARNING: density of clusters is negative -6.694740136055611e-14
Run the GA  ../data/testParms_tourn_ChiLifetimes_2103.txt
BEGIN main GA loop. 
size of fits, and type[0]:  30000 <class 'numpy.float64'>
fitness[0]:   -105.35825318434003
candidate:  [3.173735095651338, 0.00403508611468005, 0.13639811728592915, 0.02173088538192129, 0.04944540339999163, 14.34987558972893, 1.9016566973972377, 29.046965550435182, 0.02304967415943965, 0.6439523807075165, 0.0005680051976861894, 0.04388155979889706, 0.011519253238047304, 1.755977231134964, 14.077246509113582, 2.4702051738924813, 0.40278273914415347, 0.019710890149806662, 5.888066987449356e-50]
=== Generation 0 ===
Number of viable points so far: 7879
size of fits, and type[0]:  30000 <class 'numpy.float64'>
fitness[0]:   -42.737681915156095
candidate:  [5.925864201776333, 0.05309690205354075, 2.022501821535035, 1.229592433941142, 0.17557056494102988, 419.24301790501346, 0.06798176407085732, 3.392624628733875, 0.004448479175481128, 24.84050023283658, 0.2099423780040689, 1.6801878124004792, 0.01, 0.7242108170266274, 2.161201242318749, 0.01301265531817817, 667.6528183441442, 0.0404183253001844, 3.479202679557038e-50]
=== Generation 1 ===
Number of viable points so far: 26924
size of fits, and type[0]:  30000 <class 'numpy.float64'>
fitness[0]:   -41.197253592766295
candidate:  [0.516069179850951, 0.04716219950611797, 4.249064084305696, 0.7150751481102088, 0.001394855203845573, 107.6979801225072, 0.9809324403588849, 29.50734136644546, 0.012277883744494688, 0.3459055714038467, 0.2528591021488121, 0.0007662032283893874, 0.3605755883807964, 0.7391246714181393, 5.003107343872646, 0.0014517998659882587, 310.00683713507425, 0.037240865437770394, 7.378901619653253e-50]
=== Generation 2 ===
Number of viable points so far: 46389
size of fits, and type[0]:  30000 <class 'numpy.float64'>
fitness[0]:   -18.684403020405135
candidate:  [0.9638057957409852, 0.053625814934267775, 1.8393128461576835, 4.816776329190904, 1.052128758315843, 402.34996381690576, 0.8015292604696355, 0.13878912582812242, 0.017911746745910753, 15.812334374272801, 1.7143670487634017, 6.539182186420825, 0.02665524211610582, 0.3576506898876771, 90.02654425249645, 0.04186909131814693, 34.26188929218279, 0.011361318811471288, 1.887670771074126e-50]
=== Generation 3 ===
Number of viable points so far: 67105
size of fits, and type[0]:  30000 <class 'numpy.float64'>
fitness[0]:   -12.502755158545515
candidate:  [0.5759260238099388, 0.24367936881257993, 0.35272487593152396, 0.0130871156246544, 0.5147609567122088, 0.9571992971950394, 3.820429328753151, 0.10864538095602441, 0.010002070937845154, 0.021485544384193218, 7.6227750324159445, 0.009679496424659867, 0.020669795776744035, 0.6204842011910843, 52.21861612344875, 1.1917499310084108, 1.7435480580776281, 0.02516674042175696, 5.714988453236362e-50]
=== Generation 4 ===
Number of viable points so far: 88094
size of fits, and type[0]:  30000 <class 'numpy.float64'>
fitness[0]:   -8.207834931231638
candidate:  [0.09929286959376711, 0.027282602445679902, 1.7068702566416252, 0.5785388410738288, 0.2157816085496373, 0.1056692127259956, 6.794729078414913, 0.775434905486007, 0.013205610590705984, 2.374385685271231, 0.07541606394236458, 0.02072744835808812, 0.15494729235919066, 0.8901795678352885, 4.158672366737706, 0.0022477950876935828, 118.64026421764096, 0.01609762109258539, 1.1836889550493156e-50]
=== Generation 5 ===
Number of viable points so far: 109660
Writing results to ../data/testParms_tourn_ChiLifetimes_2103.txt
Finished writing parameter file.
Done with all GA generations and file writing.
done with repeat:  1
Best fitness from the run: -2.615841682997074
Best parameters: [0.023554056736541876, 0.1279005332920521, 0.9009004514024029, 0.13597804912253256, 0.12970781275123872, 1.2823036401656953, 2.5182723484834924, 0.06464645955634767, 0.003643436501032342, 0.07674904874908343, 1.294612053074915, 0.010672103123479918, 0.08511243334209127, 1.0194368298154468, 5.782920776490039, 0.001814225002342638, 1969.4431140616332, 0.0271622964499796, 2.3553566307347273e-50]
Output filename:  ../data/testParms_tourn_ChiLifetimes_9389.txt
WARNING: density of clusters is negative -1.8099315540867487e-43
WARNING: density of clusters is negative -7.733952743628008e-28
WARNING: density of clusters is negative -4.3303806575508587e-19
WARNING: density of clusters is negative -7.660604489323882e-54
WARNING: density of clusters is negative -8.503511074086445e-50
WARNING: density of clusters is negative -3.662600791789887e-26
WARNING: density of clusters is negative -5.7369836772462195e-21
WARNING: density of clusters is negative -4.10072150782869e-20
WARNING: density of clusters is negative -1.2044827426596132e-31
WARNING: density of clusters is negative -3.6452081076384553e-23
WARNING: density of clusters is negative -1.9997388859092073e-44
WARNING: density of clusters is negative -6.054613363545062e-37
WARNING: density of clusters is negative -1.6922305342439768e-44
WARNING: density of clusters is negative -4.729597940658646e-37
WARNING: density of clusters is negative -1.0033320187013548e-41
WARNING: density of clusters is negative -8.689939667624852e-40
WARNING: density of clusters is negative -2.6674425651096595e-31
WARNING: density of clusters is negative -1.4125454713611926e-15
WARNING: density of clusters is negative -1.4398794157760286e-50
WARNING: density of clusters is negative -6.648533887588795e-34
WARNING: density of clusters is negative -4.4874379615108627e-26
WARNING: density of clusters is negative -2.784096441455085e-35
WARNING: density of clusters is negative -1.6669391835540916e-28
WARNING: density of clusters is negative -8.926392745625213e-30
WARNING: density of clusters is negative -7.817182372596075e-24
WARNING: density of clusters is negative -4.933854555921507e-30
WARNING: density of clusters is negative -7.240363256112259e-39
WARNING: density of clusters is negative -8.434473813449071e-14
WARNING: density of clusters is negative -1.8052928823802145e-18
WARNING: density of clusters is negative -6.416171206758657e-43
WARNING: density of clusters is negative -4.720846945187671e-42
WARNING: density of clusters is negative -5.11404583080231e-21
WARNING: density of clusters is negative -1.2164309895458665e-12
WARNING: density of clusters is negative -1.3955997417261138e-40
WARNING: density of clusters is negative -1.8361087248877609e-31
WARNING: density of clusters is negative -2.1478814351113034e-33
WARNING: density of clusters is negative -2.9991421730512725e-35
WARNING: density of clusters is negative -1.2541293677404729e-21
WARNING: density of clusters is negative -9.912168003110672e-30
WARNING: density of clusters is negative -1.2159764441162289e-24
WARNING: density of clusters is negative -1.748224805814284e-36
WARNING: density of clusters is negative -3.0110253551153125e-36
WARNING: density of clusters is negative -4.52506994272285e-12
WARNING: density of clusters is negative -2.1172135753787282e-26
WARNING: density of clusters is negative -1.634560972050716e-22
WARNING: density of clusters is negative -3.559134770372341e-35
WARNING: density of clusters is negative -1.8913488369799165e-41
WARNING: density of clusters is negative -1.548387659912837e-14
WARNING: density of clusters is negative -4.844630541283343e-41
WARNING: density of clusters is negative -3.781679260424762e-34
WARNING: density of clusters is negative -1.0248764304065657e-34
WARNING: density of clusters is negative -4.9967224380390735e-43
WARNING: density of clusters is negative -5.652774715955699e-34
WARNING: density of clusters is negative -7.953494600100967e-49
WARNING: density of clusters is negative -1.764614725730594e-44
WARNING: density of clusters is negative -6.184627015068329e-38
WARNING: density of clusters is negative -2.8931262620624784e-14
WARNING: density of clusters is negative -3.8370945103408293e-22
WARNING: density of clusters is negative -1.0435736547374246e-31
WARNING: density of clusters is negative -6.262181525311581e-35
WARNING: density of clusters is negative -4.298070306177119e-36
WARNING: density of clusters is negative -7.129534568969492e-30
WARNING: density of clusters is negative -2.9209892816120696e-32
WARNING: density of clusters is negative -7.5655430879091625e-34
WARNING: density of clusters is negative -1.8429077666932766e-35
WARNING: density of clusters is negative -1.1613934519323324e-27
WARNING: density of clusters is negative -1.2593587763461637e-27
WARNING: density of clusters is negative -2.092420812288072e-27
WARNING: density of clusters is negative -2.516621339641249e-25
WARNING: density of clusters is negative -4.634528789294126e-47
WARNING: density of clusters is negative -1.1664509580750295e-16
WARNING: density of clusters is negative -3.7435472333073575e-45
WARNING: density of clusters is negative -8.710947328582679e-33
WARNING: density of clusters is negative -1.0910642475412916e-33
WARNING: density of clusters is negative -2.0460206932780818e-22
WARNING: density of clusters is negative -6.641283435892889e-28
WARNING: density of clusters is negative -5.553145811743274e-20
WARNING: density of clusters is negative -4.644417127237811e-58
WARNING: density of clusters is negative -3.214366114754461e-26
WARNING: density of clusters is negative -3.5063404790783e-18
WARNING: density of clusters is negative -3.640893363256272e-43
WARNING: density of clusters is negative -2.110276398991115e-59
WARNING: density of clusters is negative -9.753664622250494e-29
WARNING: density of clusters is negative -7.400130927868619e-21
WARNING: density of clusters is negative -1.0839672977676984e-20
WARNING: density of clusters is negative -1.7097286376545829e-19
WARNING: density of clusters is negative -1.1082687205039466e-11
WARNING: density of clusters is negative -1.95489321271571e-19
WARNING: density of clusters is negative -1.830772295920692e-21
WARNING: density of clusters is negative -9.607640167415118e-23
WARNING: density of clusters is negative -4.175628907264703e-23
WARNING: density of clusters is negative -2.1381094324163646e-34
WARNING: density of clusters is negative -2.8152487964819987e-12
WARNING: density of clusters is negative -1.0143930528715976e-16
WARNING: density of clusters is negative -9.835065802861743e-33
WARNING: density of clusters is negative -3.580831254929556e-25
WARNING: density of clusters is negative -1.3270581759657419e-19
WARNING: density of clusters is negative -3.085516298041844e-44
WARNING: density of clusters is negative -7.162910771481934e-24
WARNING: density of clusters is negative -4.04491638976175e-45
WARNING: density of clusters is negative -1.9259467479922935e-35
WARNING: density of clusters is negative -9.739450227565449e-47
WARNING: density of clusters is negative -2.248828140009204e-47
WARNING: density of clusters is negative -3.101822646486772e-32
WARNING: density of clusters is negative -4.8059435282299805e-33
WARNING: density of clusters is negative -3.1715528654215314e-27
WARNING: density of clusters is negative -7.58088851882271e-22
WARNING: density of clusters is negative -9.179015392550712e-33
WARNING: density of clusters is negative -8.267026255878565e-16
WARNING: density of clusters is negative -1.7601264843494518e-23
WARNING: density of clusters is negative -1.9336205577528695e-48
WARNING: density of clusters is negative -1.6612287288785443e-24
WARNING: density of clusters is negative -2.1772237662295602e-29
WARNING: density of clusters is negative -4.2726239458106995e-26
WARNING: density of clusters is negative -4.795857973529105e-29
WARNING: density of clusters is negative -4.2835521170922018e-47
WARNING: density of clusters is negative -8.507433565537421e-24
WARNING: density of clusters is negative -5.823224587439135e-16
WARNING: density of clusters is negative -1.7337898616801207e-27
WARNING: density of clusters is negative -1.1569199055913064e-45
WARNING: density of clusters is negative -4.884734060394998e-34
WARNING: density of clusters is negative -5.140246480121159e-29
WARNING: density of clusters is negative -3.713404112161345e-27
WARNING: density of clusters is negative -1.6755003684250645e-30
WARNING: density of clusters is negative -2.45211840571476e-30
WARNING: density of clusters is negative -1.0188852900346142e-34
WARNING: density of clusters is negative -1.727609112124294e-51
WARNING: density of clusters is negative -1.4401636848758884e-42
WARNING: density of clusters is negative -2.807181311423244e-20
WARNING: density of clusters is negative -2.1133283776777047e-44
WARNING: density of clusters is negative -2.47483813976156e-25
WARNING: density of clusters is negative -3.4901488893335577e-31
WARNING: density of clusters is negative -4.595222878786106e-54
WARNING: density of clusters is negative -5.409824835544585e-30
WARNING: density of clusters is negative -4.212774917116971e-37
WARNING: density of clusters is negative -2.819834074252518e-45
WARNING: density of clusters is negative -5.097961347191454e-28
WARNING: density of clusters is negative -8.479209446702592e-34
WARNING: density of clusters is negative -3.1566103678546765e-27
WARNING: density of clusters is negative -4.158653734000975e-37
WARNING: density of clusters is negative -8.879473226902773e-20
WARNING: density of clusters is negative -8.278060093072234e-30
WARNING: density of clusters is negative -6.0928698287198094e-49
WARNING: density of clusters is negative -1.499018852679687e-42
WARNING: density of clusters is negative -1.401048777180119e-47
WARNING: density of clusters is negative -6.308193837765706e-41
WARNING: density of clusters is negative -1.0359979214742017e-11
WARNING: density of clusters is negative -1.1658628419638284e-35
WARNING: density of clusters is negative -1.5610127635421704e-27
WARNING: density of clusters is negative -6.300828368154416e-30
WARNING: density of clusters is negative -2.4698415619387243e-52
WARNING: density of clusters is negative -9.861954509188798e-35
WARNING: density of clusters is negative -9.887882754955435e-20
WARNING: density of clusters is negative -6.909094005298689e-55
WARNING: density of clusters is negative -2.805859056125081e-17
WARNING: density of clusters is negative -2.2016466644714008e-24
WARNING: density of clusters is negative -6.313622094335042e-15
WARNING: density of clusters is negative -1.7707832546617657e-47
WARNING: density of clusters is negative -9.951533149298829e-32
WARNING: density of clusters is negative -2.7115739024089353e-37
WARNING: density of clusters is negative -2.8416955854708396e-20
WARNING: density of clusters is negative -2.9236596899026877e-33
WARNING: density of clusters is negative -2.453697134183418e-30
WARNING: density of clusters is negative -1.8322418163506708e-17
WARNING: density of clusters is negative -2.0683498920315618e-20
WARNING: density of clusters is negative -9.297428689282359e-14
WARNING: density of clusters is negative -6.358100327638694e-16
WARNING: density of clusters is negative -2.085073123994036e-31
WARNING: density of clusters is negative -3.429647229290785e-31
WARNING: density of clusters is negative -3.3296066747289766e-35
WARNING: density of clusters is negative -1.4255206234073574e-35
WARNING: density of clusters is negative -3.831133317496521e-11
WARNING: density of clusters is negative -6.49644908820282e-39
WARNING: density of clusters is negative -1.8080067814443842e-29
WARNING: density of clusters is negative -5.5687249082515816e-67
WARNING: density of clusters is negative -5.0815054068317195e-62
WARNING: density of clusters is negative -7.926279731767983e-22
WARNING: density of clusters is negative -1.506924084139065e-22
WARNING: density of clusters is negative -2.2102020461495936e-52
WARNING: density of clusters is negative -2.0055739571352437e-23
WARNING: density of clusters is negative -3.4234614771572493e-35
WARNING: density of clusters is negative -1.852950965423982e-30
WARNING: density of clusters is negative -4.6926404704342053e-45
WARNING: density of clusters is negative -9.050535713033455e-17
WARNING: density of clusters is negative -2.563954652987246e-30
WARNING: density of clusters is negative -7.31845617905073e-21
WARNING: density of clusters is negative -2.4102728054244525e-21
WARNING: density of clusters is negative -3.1483152043902344e-21
WARNING: density of clusters is negative -8.105644741110634e-39
WARNING: density of clusters is negative -6.299471431345355e-32
WARNING: density of clusters is negative -3.7811311237430544e-22
WARNING: density of clusters is negative -1.404840620227932e-46
WARNING: density of clusters is negative -1.730037735298274e-41
WARNING: density of clusters is negative -4.4966492677834296e-20
WARNING: density of clusters is negative -1.3035956369030512e-52
WARNING: density of clusters is negative -1.914135245653685e-21
WARNING: density of clusters is negative -2.223468967996678e-24
WARNING: density of clusters is negative -9.499451150117493e-54
WARNING: density of clusters is negative -8.206579872802438e-14
WARNING: density of clusters is negative -7.499016435794821e-24
WARNING: density of clusters is negative -2.1952288682268363e-20
WARNING: density of clusters is negative -4.615094853861589e-31
WARNING: density of clusters is negative -2.724232974465926e-23
WARNING: density of clusters is negative -1.3200314217550377e-11
WARNING: density of clusters is negative -1.628288150791334e-35
WARNING: density of clusters is negative -1.0239478478676561e-22
WARNING: density of clusters is negative -1.7910120686296218e-20
WARNING: density of clusters is negative -4.499875342882467e-44
WARNING: density of clusters is negative -1.9798726949387797e-35
WARNING: density of clusters is negative -3.2647608906568915e-30
WARNING: density of clusters is negative -9.312839516025426e-28
WARNING: density of clusters is negative -4.198690770529368e-39
WARNING: density of clusters is negative -1.1533681610022245e-30
WARNING: density of clusters is negative -8.24962112794134e-30
WARNING: density of clusters is negative -1.1150003067059807e-18
WARNING: density of clusters is negative -1.2807730442119925e-48
WARNING: density of clusters is negative -2.991407945831367e-52
WARNING: density of clusters is negative -8.160399575968282e-20
WARNING: density of clusters is negative -8.751183749062403e-47
WARNING: density of clusters is negative -3.278117204728378e-23
WARNING: density of clusters is negative -2.4321233343971997e-34
WARNING: density of clusters is negative -7.397988659875052e-38
WARNING: density of clusters is negative -1.8806665104544009e-41
WARNING: density of clusters is negative -1.921408193438839e-33
WARNING: density of clusters is negative -1.6116740709938526e-33
WARNING: density of clusters is negative -1.105075942070757e-54
WARNING: density of clusters is negative -5.509118796739285e-21
WARNING: density of clusters is negative -1.1102030428497402e-64
WARNING: density of clusters is negative -4.329756437109257e-39
WARNING: density of clusters is negative -2.727896404906145e-21
WARNING: density of clusters is negative -2.999820198785898e-23
WARNING: density of clusters is negative -5.362749763947706e-18
WARNING: density of clusters is negative -1.8572010604769452e-23
WARNING: density of clusters is negative -1.0348035318187592e-17
WARNING: density of clusters is negative -1.7892594222641113e-27
WARNING: density of clusters is negative -1.0627292585522774e-31
WARNING: density of clusters is negative -2.4924237668348767e-18
WARNING: density of clusters is negative -1.6464280412043978e-24
WARNING: density of clusters is negative -7.623930858384607e-16
WARNING: density of clusters is negative -1.3236791133626534e-28
WARNING: density of clusters is negative -3.956830839393396e-26
WARNING: density of clusters is negative -4.1680707364496077e-29
WARNING: density of clusters is negative -3.076834912913484e-18
WARNING: density of clusters is negative -7.230140793404115e-46
WARNING: density of clusters is negative -3.9211245560586815e-49
WARNING: density of clusters is negative -4.587608712026703e-44
WARNING: density of clusters is negative -1.7327530864914466e-28
WARNING: density of clusters is negative -1.922658198052966e-24
WARNING: density of clusters is negative -2.1257945986499724e-49
WARNING: density of clusters is negative -2.2020019930898956e-27
WARNING: density of clusters is negative -3.599530516005644e-21
WARNING: density of clusters is negative -1.6186543494105095e-21
WARNING: density of clusters is negative -2.4640595500479247e-21
WARNING: density of clusters is negative -1.1650381774525022e-16
WARNING: density of clusters is negative -1.1712590934722416e-24
WARNING: density of clusters is negative -5.859217470943107e-21
WARNING: density of clusters is negative -4.021168926830082e-40
WARNING: density of clusters is negative -7.685945769937294e-50
WARNING: density of clusters is negative -2.137025207421713e-30
WARNING: density of clusters is negative -2.67305362530675e-19
WARNING: density of clusters is negative -8.955737639582445e-26
WARNING: density of clusters is negative -6.685345565998244e-31
WARNING: density of clusters is negative -7.939169115547626e-42
WARNING: density of clusters is negative -1.1238070197339604e-47
WARNING: density of clusters is negative -8.768598048219432e-33
WARNING: density of clusters is negative -1.2850847942346084e-13
WARNING: density of clusters is negative -2.567021782406737e-26
WARNING: density of clusters is negative -3.1039188488977968e-27
WARNING: density of clusters is negative -8.04211422058596e-33
WARNING: density of clusters is negative -3.931076585528105e-28
WARNING: density of clusters is negative -4.8240009238691903e-20
WARNING: density of clusters is negative -3.085854912609677e-19
WARNING: density of clusters is negative -1.1428236533740432e-27
WARNING: density of clusters is negative -7.836662610159691e-31
WARNING: density of clusters is negative -1.0757113391410906e-27
WARNING: density of clusters is negative -1.7626445954876872e-34
WARNING: density of clusters is negative -1.1178269285021727e-30
WARNING: density of clusters is negative -4.152376226157509e-24
WARNING: density of clusters is negative -8.655613345377739e-22
WARNING: density of clusters is negative -3.1522164071684317e-25
WARNING: density of clusters is negative -1.9495779492082613e-38
WARNING: density of clusters is negative -3.294260602533701e-24
WARNING: density of clusters is negative -4.1728223320298673e-38
WARNING: density of clusters is negative -1.0417332566321086e-13
WARNING: density of clusters is negative -3.5310262610423894e-25
WARNING: density of clusters is negative -1.0105437325611623e-41
WARNING: density of clusters is negative -7.3680930016385025e-19
WARNING: density of clusters is negative -6.196174429624269e-14
WARNING: density of clusters is negative -8.881259201282866e-15
WARNING: density of clusters is negative -1.6523871866212115e-30
WARNING: density of clusters is negative -1.1276780991052492e-31
WARNING: density of clusters is negative -6.192660197760502e-23
WARNING: density of clusters is negative -1.5554667634237666e-16
WARNING: density of clusters is negative -3.1320223691474126e-46
WARNING: density of clusters is negative -1.085584298921796e-28
WARNING: density of clusters is negative -1.292394475502522e-19
WARNING: density of clusters is negative -1.2833999373004164e-18
WARNING: density of clusters is negative -2.333113436898305e-28
WARNING: density of clusters is negative -9.02545318771044e-32
WARNING: density of clusters is negative -5.6515632875039556e-24
WARNING: density of clusters is negative -2.409272543759103e-28
WARNING: density of clusters is negative -2.259387957998036e-25
WARNING: density of clusters is negative -7.413597733953677e-24
WARNING: density of clusters is negative -1.0489659967937842e-27
WARNING: density of clusters is negative -9.944984871029589e-27
WARNING: density of clusters is negative -7.126182525688581e-29
WARNING: density of clusters is negative -1.0139039226718599e-44
WARNING: density of clusters is negative -5.8246314917394324e-33
WARNING: density of clusters is negative -1.2722815432911372e-34
WARNING: density of clusters is negative -1.3183270684395177e-30
WARNING: density of clusters is negative -1.4586791811271164e-34
WARNING: density of clusters is negative -1.1884846670045607e-38
WARNING: density of clusters is negative -5.888638559684644e-46
WARNING: density of clusters is negative -2.4437170023226386e-37
WARNING: density of clusters is negative -5.1613782504876987e-20
WARNING: density of clusters is negative -4.962482844084125e-19
WARNING: density of clusters is negative -1.4716780318060516e-43
WARNING: density of clusters is negative -5.311493677060885e-28
WARNING: density of clusters is negative -8.191510602907949e-35
WARNING: density of clusters is negative -1.0059316889801398e-27
WARNING: density of clusters is negative -2.467851568445604e-17
WARNING: density of clusters is negative -4.488498775216019e-29
WARNING: density of clusters is negative -9.926428620091766e-45
WARNING: density of clusters is negative -3.86789651657797e-42
WARNING: density of clusters is negative -8.710129437681987e-27
WARNING: density of clusters is negative -2.5942676663273722e-24
WARNING: density of clusters is negative -8.100333404536407e-20
WARNING: density of clusters is negative -9.360287182784765e-15
WARNING: density of clusters is negative -1.6320758161182311e-59
WARNING: density of clusters is negative -1.763952766459215e-15
WARNING: density of clusters is negative -1.0102476388028377e-24
WARNING: density of clusters is negative -5.23879855030538e-19
WARNING: density of clusters is negative -3.840762942210068e-33
WARNING: density of clusters is negative -5.948778700965538e-20
WARNING: density of clusters is negative -3.27721434308559e-25
WARNING: density of clusters is negative -6.867862006070045e-28
WARNING: density of clusters is negative -8.078024664874572e-18
WARNING: density of clusters is negative -4.1616418299016565e-33
WARNING: density of clusters is negative -7.091018988302329e-32
WARNING: density of clusters is negative -2.026148763853447e-39
WARNING: density of clusters is negative -1.8478798362646917e-16
WARNING: density of clusters is negative -2.6588839892971774e-11
WARNING: density of clusters is negative -7.222560913749644e-31
WARNING: density of clusters is negative -4.187039760780057e-21
WARNING: density of clusters is negative -1.0180560311788362e-26
WARNING: density of clusters is negative -8.975663623385508e-23
WARNING: density of clusters is negative -2.5231247041537183e-18
WARNING: density of clusters is negative -4.170799796291973e-43
WARNING: density of clusters is negative -7.571734263653348e-31
WARNING: density of clusters is negative -8.667340221952668e-26
WARNING: density of clusters is negative -6.119632492987939e-23
WARNING: density of clusters is negative -3.1783256312701025e-32
WARNING: density of clusters is negative -3.9565698006847206e-15
WARNING: density of clusters is negative -1.5911412835354665e-52
WARNING: density of clusters is negative -6.609275291112554e-48
WARNING: density of clusters is negative -5.209965870579862e-43
WARNING: density of clusters is negative -2.2042867973927853e-30
WARNING: density of clusters is negative -6.813250483821249e-40
WARNING: density of clusters is negative -4.119725366186646e-39
WARNING: density of clusters is negative -5.066305319305007e-36
WARNING: density of clusters is negative -4.929823095326424e-40
WARNING: density of clusters is negative -3.0283337476908944e-28
WARNING: density of clusters is negative -8.053425682248071e-29
WARNING: density of clusters is negative -4.80794871425874e-28
WARNING: density of clusters is negative -4.626349486205498e-28
WARNING: density of clusters is negative -3.058115373470244e-27
WARNING: density of clusters is negative -3.2247764564827038e-40
WARNING: density of clusters is negative -8.322966225762519e-30
WARNING: density of clusters is negative -6.013741081104772e-45
WARNING: density of clusters is negative -2.066890916681005e-21
WARNING: density of clusters is negative -4.127020799674456e-24
WARNING: density of clusters is negative -2.4930787941042585e-19
WARNING: density of clusters is negative -1.2262962271330238e-13
WARNING: density of clusters is negative -3.1005482333932264e-23
WARNING: density of clusters is negative -2.512871439799962e-15
WARNING: density of clusters is negative -5.607222351705607e-25
WARNING: density of clusters is negative -2.524022274874063e-21
WARNING: density of clusters is negative -1.0883481145658672e-18
WARNING: density of clusters is negative -4.295501008397245e-17
WARNING: density of clusters is negative -3.577676866200759e-16
WARNING: density of clusters is negative -5.03698221791571e-18
WARNING: density of clusters is negative -1.2363948785064453e-18
WARNING: density of clusters is negative -3.573102612344189e-16
WARNING: density of clusters is negative -2.4552068051543055e-38
WARNING: density of clusters is negative -7.676498266967326e-27
WARNING: density of clusters is negative -3.373587514387912e-51
WARNING: density of clusters is negative -2.396725541706309e-44
WARNING: density of clusters is negative -4.239954577882882e-28
WARNING: density of clusters is negative -2.528665061530951e-24
WARNING: density of clusters is negative -1.432394846628914e-20
WARNING: density of clusters is negative -5.956621914420188e-41
WARNING: density of clusters is negative -3.333610806590628e-42
WARNING: density of clusters is negative -1.913479517310655e-35
WARNING: density of clusters is negative -7.695072935949152e-61
WARNING: density of clusters is negative -2.5939840938587053e-53
WARNING: density of clusters is negative -2.4453984602192778e-29
WARNING: density of clusters is negative -4.118428646443808e-21
WARNING: density of clusters is negative -1.0515825084797853e-16
WARNING: density of clusters is negative -1.2528635120897512e-18
WARNING: density of clusters is negative -4.595338070984655e-33
WARNING: density of clusters is negative -5.891909235640588e-26
WARNING: density of clusters is negative -2.9233664037479698e-24
WARNING: density of clusters is negative -1.0121109460443728e-19
WARNING: density of clusters is negative -1.6401385646080243e-24
WARNING: density of clusters is negative -4.644108236469271e-40
WARNING: density of clusters is negative -8.90869682328882e-34
WARNING: density of clusters is negative -2.679550871304818e-16
WARNING: density of clusters is negative -6.147015914328222e-46
WARNING: density of clusters is negative -3.983030652863394e-35
WARNING: density of clusters is negative -1.3693523035187127e-22
WARNING: density of clusters is negative -2.899207834110355e-38
WARNING: density of clusters is negative -3.899184151541144e-43
WARNING: density of clusters is negative -1.0418810063783003e-43
WARNING: density of clusters is negative -8.089365526952478e-23
WARNING: density of clusters is negative -3.6012318323915793e-28
WARNING: density of clusters is negative -1.4642934708886101e-15
WARNING: density of clusters is negative -1.6723005480144042e-42
WARNING: density of clusters is negative -2.3120984196192884e-31
WARNING: density of clusters is negative -2.389594178106788e-31
WARNING: density of clusters is negative -3.8922900849779555e-34
WARNING: density of clusters is negative -1.4143136208066524e-31
WARNING: density of clusters is negative -2.7491727299996362e-58
WARNING: density of clusters is negative -1.906356240847623e-21
WARNING: density of clusters is negative -1.970201774841091e-49
WARNING: density of clusters is negative -1.34170541189082e-27
WARNING: density of clusters is negative -2.6420636087460083e-22
WARNING: density of clusters is negative -9.052322235526093e-45
WARNING: density of clusters is negative -3.723841716668003e-14
WARNING: density of clusters is negative -1.0678378786587206e-38
WARNING: density of clusters is negative -1.7196791575153033e-52
WARNING: density of clusters is negative -8.052775118957609e-43
WARNING: density of clusters is negative -1.0858406889760797e-30
WARNING: density of clusters is negative -1.2699971083242688e-29
WARNING: density of clusters is negative -6.811796383618413e-28
WARNING: density of clusters is negative -2.9743036008440244e-18
WARNING: density of clusters is negative -1.370524058806441e-21
WARNING: density of clusters is negative -4.264019990694326e-27
WARNING: density of clusters is negative -3.353700522671044e-35
WARNING: density of clusters is negative -1.5853708229423116e-18
WARNING: density of clusters is negative -2.695248552062515e-17
WARNING: density of clusters is negative -1.2608655831242422e-21
WARNING: density of clusters is negative -1.3172357193584412e-37
WARNING: density of clusters is negative -4.231497501477474e-33
WARNING: density of clusters is negative -3.294030844369818e-27
WARNING: density of clusters is negative -1.7014732168521162e-17
WARNING: density of clusters is negative -4.332778106748221e-38
WARNING: density of clusters is negative -4.202621662837873e-46
WARNING: density of clusters is negative -5.253755950647656e-51
WARNING: density of clusters is negative -4.28368327353694e-45
WARNING: density of clusters is negative -1.146320182051199e-36
WARNING: density of clusters is negative -5.090946144560065e-38
WARNING: density of clusters is negative -2.1474559549779201e-38
WARNING: density of clusters is negative -1.9925215749353422e-25
WARNING: density of clusters is negative -1.818791602990529e-46
WARNING: density of clusters is negative -1.0210625708060866e-34
WARNING: density of clusters is negative -1.2881048781758699e-36
WARNING: density of clusters is negative -1.409601077085736e-38
WARNING: density of clusters is negative -2.4713249966902073e-13
WARNING: density of clusters is negative -4.887247159680071e-25
WARNING: density of clusters is negative -9.429125983313125e-24
WARNING: density of clusters is negative -1.0053731593010126e-44
WARNING: density of clusters is negative -2.9226213298986753e-20
WARNING: density of clusters is negative -3.332237566724605e-50
WARNING: density of clusters is negative -1.2938195238164101e-33
WARNING: density of clusters is negative -2.5524646480273616e-23
WARNING: density of clusters is negative -8.1876486912212925e-19
WARNING: density of clusters is negative -1.7398954370376816e-53
WARNING: density of clusters is negative -3.917994091875265e-28
WARNING: density of clusters is negative -2.3072063570121965e-26
WARNING: density of clusters is negative -4.440662259216924e-21
WARNING: density of clusters is negative -3.7352187555211205e-49
WARNING: density of clusters is negative -6.55827947393907e-17
WARNING: density of clusters is negative -1.555553880356586e-33
WARNING: density of clusters is negative -2.608326131556267e-39
WARNING: density of clusters is negative -1.342990857342013e-19
WARNING: density of clusters is negative -1.318787911470893e-22
WARNING: density of clusters is negative -1.0881398450708747e-47
WARNING: density of clusters is negative -5.0918978737004084e-30
WARNING: density of clusters is negative -5.562276187707881e-45
WARNING: density of clusters is negative -4.7335267054443016e-27
WARNING: density of clusters is negative -1.846289087379297e-19
WARNING: density of clusters is negative -4.866849173799226e-19
WARNING: density of clusters is negative -5.01317323655047e-30
WARNING: density of clusters is negative -3.5102021924892734e-23
WARNING: density of clusters is negative -4.068745179984311e-31
WARNING: density of clusters is negative -2.9599408168319815e-24
WARNING: density of clusters is negative -2.0537181809121082e-47
WARNING: density of clusters is negative -1.2825147308854243e-45
WARNING: density of clusters is negative -1.0321087482094869e-50
WARNING: density of clusters is negative -2.5872895055601834e-11
WARNING: density of clusters is negative -4.831135361735338e-28
WARNING: density of clusters is negative -3.64681108079642e-34
WARNING: density of clusters is negative -6.620952486340399e-26
WARNING: density of clusters is negative -4.7808277618684246e-18
WARNING: density of clusters is negative -1.3248600080555806e-22
WARNING: density of clusters is negative -2.520518557186037e-13
WARNING: density of clusters is negative -6.782812975261867e-21
WARNING: density of clusters is negative -8.439033832780297e-23
WARNING: density of clusters is negative -1.0127516534357236e-14
WARNING: density of clusters is negative -6.361044161903638e-13
WARNING: density of clusters is negative -2.36165936359945e-21
WARNING: density of clusters is negative -4.4079569872777475e-14
WARNING: density of clusters is negative -2.4905915679246145e-15
WARNING: density of clusters is negative -4.968030288429089e-32
WARNING: density of clusters is negative -8.626996203107508e-23
WARNING: density of clusters is negative -6.315968883833292e-13
WARNING: density of clusters is negative -1.645500580002199e-21
WARNING: density of clusters is negative -9.102622587188894e-11
WARNING: density of clusters is negative -1.1195417023112562e-27
WARNING: density of clusters is negative -1.1648795489374537e-20
WARNING: density of clusters is negative -5.077173655707266e-13
WARNING: density of clusters is negative -9.545409139204973e-24
WARNING: density of clusters is negative -3.093872265073762e-38
WARNING: density of clusters is negative -2.2553911919887943e-37
WARNING: density of clusters is negative -8.781916791024698e-31
WARNING: density of clusters is negative -1.9000573882813697e-20
WARNING: density of clusters is negative -9.986176405389204e-44
WARNING: density of clusters is negative -6.0230876109475e-26
WARNING: density of clusters is negative -6.152627280730727e-16
WARNING: density of clusters is negative -5.43502328914836e-15
WARNING: density of clusters is negative -1.546465437905769e-42
WARNING: density of clusters is negative -7.932929337404727e-30
WARNING: density of clusters is negative -8.54821024558472e-27
WARNING: density of clusters is negative -6.178406374315385e-46
WARNING: density of clusters is negative -1.2219408258227208e-25
WARNING: density of clusters is negative -9.925103148545928e-21
WARNING: density of clusters is negative -1.7125769384580226e-45
WARNING: density of clusters is negative -2.783384931976901e-57
WARNING: density of clusters is negative -1.586104520024649e-48
WARNING: density of clusters is negative -1.8354934038899078e-25
WARNING: density of clusters is negative -4.321792560495758e-26
WARNING: density of clusters is negative -1.7069587036999389e-34
WARNING: density of clusters is negative -9.476839708896367e-15
WARNING: density of clusters is negative -5.077561173449046e-15
WARNING: density of clusters is negative -6.483774108193647e-19
WARNING: density of clusters is negative -1.1514628043598123e-33
WARNING: density of clusters is negative -1.0558153630987735e-32
WARNING: density of clusters is negative -1.0760964022570102e-30
WARNING: density of clusters is negative -6.102333653646564e-20
WARNING: density of clusters is negative -1.2239314322202005e-23
WARNING: density of clusters is negative -3.46349803170116e-17
WARNING: density of clusters is negative -1.0536872149269317e-26
WARNING: density of clusters is negative -7.422193189187028e-16
WARNING: density of clusters is negative -2.2072453266689412e-30
WARNING: density of clusters is negative -2.4672158674946967e-25
WARNING: density of clusters is negative -1.4332387979916103e-31
WARNING: density of clusters is negative -7.407055555882893e-32
WARNING: density of clusters is negative -7.115142527157005e-39
WARNING: density of clusters is negative -7.095959740902782e-30
WARNING: density of clusters is negative -9.97209950004918e-28
WARNING: density of clusters is negative -2.4447333177689227e-14
WARNING: density of clusters is negative -2.4357301195667582e-14
WARNING: density of clusters is negative -3.3599041826997225e-32
WARNING: density of clusters is negative -5.768837531220782e-21
WARNING: density of clusters is negative -1.1188045039879936e-20
WARNING: density of clusters is negative -9.789119823241323e-24
WARNING: density of clusters is negative -5.965111406703668e-27
WARNING: density of clusters is negative -5.012128174307786e-46
WARNING: density of clusters is negative -6.2899577434829085e-37
WARNING: density of clusters is negative -9.093007124908293e-27
WARNING: density of clusters is negative -1.691495113114892e-21
WARNING: density of clusters is negative -1.6442147571848074e-14
WARNING: density of clusters is negative -2.3661429041170676e-18
WARNING: density of clusters is negative -2.3553972046773492e-39
WARNING: density of clusters is negative -4.612108611725865e-22
WARNING: density of clusters is negative -3.799268443862291e-37
WARNING: density of clusters is negative -8.530859894042136e-26
WARNING: density of clusters is negative -5.296657263390756e-30
WARNING: density of clusters is negative -2.92483726927053e-24
WARNING: density of clusters is negative -2.2245422027498944e-17
WARNING: density of clusters is negative -9.704015817758558e-21
WARNING: density of clusters is negative -1.6823556972648486e-26
WARNING: density of clusters is negative -1.1251644809331403e-15
WARNING: density of clusters is negative -1.3295954052207569e-33
WARNING: density of clusters is negative -1.484113545648798e-29
WARNING: density of clusters is negative -3.069665219466407e-19
WARNING: density of clusters is negative -2.050341797710158e-65
WARNING: density of clusters is negative -9.240187017370544e-43
WARNING: density of clusters is negative -1.3376971948926724e-42
WARNING: density of clusters is negative -2.9047187188341534e-28
WARNING: density of clusters is negative -5.1539500002597515e-11
WARNING: density of clusters is negative -4.415955150843867e-43
WARNING: density of clusters is negative -1.0880929230043443e-36
WARNING: density of clusters is negative -3.826765814459457e-36
WARNING: density of clusters is negative -3.251561322170432e-22
WARNING: density of clusters is negative -8.159680732234505e-14
WARNING: density of clusters is negative -4.66826275436274e-32
WARNING: density of clusters is negative -6.054075954435647e-31
WARNING: density of clusters is negative -6.70234792382268e-23
WARNING: density of clusters is negative -8.662198776182643e-44
WARNING: density of clusters is negative -7.806301840469662e-27
WARNING: density of clusters is negative -3.6615309111221936e-42
WARNING: density of clusters is negative -1.0402293225954909e-30
WARNING: density of clusters is negative -2.177937477029322e-17
WARNING: density of clusters is negative -3.750650981672444e-35
WARNING: density of clusters is negative -1.8394498078317189e-34
WARNING: density of clusters is negative -7.113229851766612e-16
WARNING: density of clusters is negative -5.358625203234602e-49
WARNING: density of clusters is negative -1.5793576948492126e-19
WARNING: density of clusters is negative -1.6870940754186546e-15
WARNING: density of clusters is negative -6.145368257830367e-25
WARNING: density of clusters is negative -2.541089410730887e-33
WARNING: density of clusters is negative -6.976774559068005e-34
WARNING: density of clusters is negative -2.0124011384271696e-42
WARNING: density of clusters is negative -1.3806148494632587e-25
WARNING: density of clusters is negative -3.147518653117689e-21
WARNING: density of clusters is negative -2.365490872201247e-25
WARNING: density of clusters is negative -1.9534875938513362e-16
WARNING: density of clusters is negative -5.35042115226048e-27
WARNING: density of clusters is negative -7.569039022308226e-45
WARNING: density of clusters is negative -6.965257039004344e-47
WARNING: density of clusters is negative -7.2908503767122204e-40
WARNING: density of clusters is negative -1.313978755136378e-40
WARNING: density of clusters is negative -4.886466933278583e-18
WARNING: density of clusters is negative -3.4198353468828124e-56
WARNING: density of clusters is negative -6.492655413172743e-16
WARNING: density of clusters is negative -1.9971027209981337e-22
WARNING: density of clusters is negative -2.2502117740201562e-33
WARNING: density of clusters is negative -2.583017937353551e-17
WARNING: density of clusters is negative -5.375277247999486e-15
WARNING: density of clusters is negative -1.0105755278300966e-16
WARNING: density of clusters is negative -5.233474666760007e-14
WARNING: density of clusters is negative -2.4889728658431786e-17
WARNING: density of clusters is negative -3.930802161190987e-17
WARNING: density of clusters is negative -1.5563066125588094e-14
WARNING: density of clusters is negative -1.1014951240839144e-19
WARNING: density of clusters is negative -4.9181400694273993e-26
WARNING: density of clusters is negative -1.0842837745970763e-15
WARNING: density of clusters is negative -1.1137851212582874e-17
WARNING: density of clusters is negative -6.208738756393044e-13
WARNING: density of clusters is negative -1.4386401178783697e-13
WARNING: density of clusters is negative -1.7480967677024639e-15
WARNING: density of clusters is negative -5.16470343103899e-14
WARNING: density of clusters is negative -4.813835073077874e-12
WARNING: density of clusters is negative -3.013781092111285e-15
WARNING: density of clusters is negative -5.14376935374019e-26
WARNING: density of clusters is negative -2.1532391871786864e-27
WARNING: density of clusters is negative -2.3540973952403364e-25
WARNING: density of clusters is negative -1.6466824105366096e-28
WARNING: density of clusters is negative -1.5841257918302734e-22
WARNING: density of clusters is negative -4.127551700497242e-18
WARNING: density of clusters is negative -3.1075697350367388e-30
WARNING: density of clusters is negative -2.5367846659390626e-28
WARNING: density of clusters is negative -1.8903977866783323e-39
WARNING: density of clusters is negative -8.065020912981936e-31
WARNING: density of clusters is negative -4.520499781296455e-46
WARNING: density of clusters is negative -1.7479799146664706e-17
WARNING: density of clusters is negative -6.2054271322636975e-37
WARNING: density of clusters is negative -7.876919579761236e-32
WARNING: density of clusters is negative -4.453429783224105e-26
WARNING: density of clusters is negative -1.750647935481678e-24
WARNING: density of clusters is negative -2.176345215399448e-13
WARNING: density of clusters is negative -1.0074162481360506e-47
WARNING: density of clusters is negative -1.2996626018953962e-42
WARNING: density of clusters is negative -1.0411701758417986e-14
WARNING: density of clusters is negative -3.0069821579868702e-46
WARNING: density of clusters is negative -6.694374753934933e-34
WARNING: density of clusters is negative -4.575445535525625e-18
WARNING: density of clusters is negative -3.843776407063359e-53
WARNING: density of clusters is negative -5.053687774556638e-35
WARNING: density of clusters is negative -2.6990702618260372e-27
WARNING: density of clusters is negative -9.321404755286696e-32
WARNING: density of clusters is negative -1.603547771273563e-36
WARNING: density of clusters is negative -6.111845842525713e-32
WARNING: density of clusters is negative -1.4323291615778812e-21
WARNING: density of clusters is negative -1.3566133223406335e-34
WARNING: density of clusters is negative -5.550115312857862e-24
WARNING: density of clusters is negative -3.575691350742465e-36
WARNING: density of clusters is negative -3.2275104575089425e-45
WARNING: density of clusters is negative -4.281729675165673e-15
WARNING: density of clusters is negative -1.3712182753254748e-13
WARNING: density of clusters is negative -1.0886126718100089e-21
WARNING: density of clusters is negative -8.18964623307062e-33
WARNING: density of clusters is negative -8.577136760431259e-21
WARNING: density of clusters is negative -2.347277399678473e-15
WARNING: density of clusters is negative -2.3238251434914783e-18
WARNING: density of clusters is negative -3.70993584438082e-39
WARNING: density of clusters is negative -1.4934739444865193e-41
WARNING: density of clusters is negative -2.3136384148008827e-29
WARNING: density of clusters is negative -6.6609591864513925e-31
WARNING: density of clusters is negative -5.764600918899191e-32
WARNING: density of clusters is negative -3.5305635737641195e-14
WARNING: density of clusters is negative -3.703386158409003e-37
WARNING: density of clusters is negative -6.139544270436697e-28
WARNING: density of clusters is negative -1.5093720534498647e-23
WARNING: density of clusters is negative -1.153180837276055e-30
WARNING: density of clusters is negative -8.638963279801356e-39
WARNING: density of clusters is negative -2.9192467600461318e-30
WARNING: density of clusters is negative -6.212153366180198e-25
WARNING: density of clusters is negative -1.1349595868780616e-22
WARNING: density of clusters is negative -1.4161523479975519e-39
WARNING: density of clusters is negative -1.652552645580413e-34
WARNING: density of clusters is negative -1.2280543857638573e-44
WARNING: density of clusters is negative -1.3602028414667904e-18
WARNING: density of clusters is negative -1.841555409660585e-26
WARNING: density of clusters is negative -4.988164706761496e-30
WARNING: density of clusters is negative -9.084930173310626e-31
WARNING: density of clusters is negative -2.7053787062729213e-38
WARNING: density of clusters is negative -2.991164182647091e-48
WARNING: density of clusters is negative -2.3789812926574506e-38
WARNING: density of clusters is negative -1.0498676480527802e-25
WARNING: density of clusters is negative -3.0778494227525144e-24
WARNING: density of clusters is negative -4.980718623768765e-24
WARNING: density of clusters is negative -3.832331720306248e-18
WARNING: density of clusters is negative -7.054598320285163e-14
WARNING: density of clusters is negative -4.760159086913393e-23
WARNING: density of clusters is negative -9.914474139806558e-26
WARNING: density of clusters is negative -8.12614099436449e-18
WARNING: density of clusters is negative -6.823433563728063e-35
WARNING: density of clusters is negative -8.726378399035429e-28
WARNING: density of clusters is negative -7.901113132821567e-46
WARNING: density of clusters is negative -5.086262927407217e-39
WARNING: density of clusters is negative -9.766960659815402e-26
WARNING: density of clusters is negative -1.0454705751167166e-47
WARNING: density of clusters is negative -2.029359202172488e-26
WARNING: density of clusters is negative -2.247133292734612e-50
WARNING: density of clusters is negative -9.13819982487426e-21
WARNING: density of clusters is negative -2.83002455173459e-20
WARNING: density of clusters is negative -1.822805087609493e-36
WARNING: density of clusters is negative -2.2172872489155367e-28
WARNING: density of clusters is negative -9.583964540682196e-28
WARNING: density of clusters is negative -2.1133716074347477e-17
WARNING: density of clusters is negative -1.1188901118533092e-34
WARNING: density of clusters is negative -1.3624117010350687e-20
WARNING: density of clusters is negative -7.075924717417271e-31
WARNING: density of clusters is negative -4.3773502823919434e-20
WARNING: density of clusters is negative -3.912864543000217e-18
WARNING: density of clusters is negative -2.839965858851751e-18
WARNING: density of clusters is negative -3.7443359006188494e-43
WARNING: density of clusters is negative -5.0631570095347105e-25
WARNING: density of clusters is negative -4.835554192685206e-22
WARNING: density of clusters is negative -4.694200567376502e-22
WARNING: density of clusters is negative -1.3816702195487557e-18
WARNING: density of clusters is negative -1.7184646561443642e-22
WARNING: density of clusters is negative -7.021297148403353e-14
WARNING: density of clusters is negative -7.727388072368179e-23
WARNING: density of clusters is negative -1.318956873917271e-31
WARNING: density of clusters is negative -2.7139375427511165e-28
WARNING: density of clusters is negative -3.0220518453608215e-29
WARNING: density of clusters is negative -2.508520238898385e-21
WARNING: density of clusters is negative -1.1418769402465267e-20
WARNING: density of clusters is negative -1.5639497792314677e-18
WARNING: density of clusters is negative -1.7544950960767028e-12
WARNING: density of clusters is negative -7.617608938239034e-16
WARNING: density of clusters is negative -5.2466682843273475e-20
WARNING: density of clusters is negative -2.7722041271874556e-20
WARNING: density of clusters is negative -2.6082950042700388e-14
WARNING: density of clusters is negative -3.4469290961605e-14
WARNING: density of clusters is negative -1.0282928373004312e-13
WARNING: density of clusters is negative -2.6289580032532173e-20
WARNING: density of clusters is negative -8.276693011183133e-18
WARNING: density of clusters is negative -7.691458037857988e-18
WARNING: density of clusters is negative -1.4529999891651412e-19
WARNING: density of clusters is negative -1.798764203830097e-19
WARNING: density of clusters is negative -3.1207394908712566e-26
WARNING: density of clusters is negative -3.515744922726676e-13
WARNING: density of clusters is negative -8.893620459794269e-20
WARNING: density of clusters is negative -2.1606866072769593e-11
WARNING: density of clusters is negative -4.845423379225541e-11
WARNING: density of clusters is negative -4.835614081389466e-12
WARNING: density of clusters is negative -7.021248207216412e-13
WARNING: density of clusters is negative -2.464371523237613e-20
WARNING: density of clusters is negative -1.3855928279575952e-20
WARNING: density of clusters is negative -2.727845098877166e-13
WARNING: density of clusters is negative -5.5216343543973595e-21
WARNING: density of clusters is negative -6.036642753645906e-25
WARNING: density of clusters is negative -8.216741359800106e-13
WARNING: density of clusters is negative -2.255740092621679e-12
WARNING: density of clusters is negative -1.918369502047635e-31
WARNING: density of clusters is negative -1.0338534142368735e-15
WARNING: density of clusters is negative -1.235754092695643e-26
WARNING: density of clusters is negative -3.3852605434718975e-15
WARNING: density of clusters is negative -3.766864258645359e-19
WARNING: density of clusters is negative -5.624411758226897e-13
WARNING: density of clusters is negative -4.294281204608092e-11
WARNING: density of clusters is negative -4.272602766918297e-12
WARNING: density of clusters is negative -2.305958064779499e-14
WARNING: density of clusters is negative -2.2913382343376687e-18
WARNING: density of clusters is negative -1.1150131055184449e-33
WARNING: density of clusters is negative -1.7011561326324133e-34
WARNING: density of clusters is negative -4.385609304541111e-54
WARNING: density of clusters is negative -2.531579576295835e-28
WARNING: density of clusters is negative -2.7137914563871525e-26
WARNING: density of clusters is negative -3.396509102445179e-13
WARNING: density of clusters is negative -7.0683508226833414e-43
WARNING: density of clusters is negative -6.809841326309531e-26
WARNING: density of clusters is negative -2.613105984860108e-18
WARNING: density of clusters is negative -5.384479090559402e-28
WARNING: density of clusters is negative -1.1937390981087224e-25
WARNING: density of clusters is negative -1.0835394182193838e-51
WARNING: density of clusters is negative -6.86730813767542e-32
WARNING: density of clusters is negative -5.345607781567273e-48
WARNING: density of clusters is negative -9.335062137451833e-46
WARNING: density of clusters is negative -1.07497190847865e-24
WARNING: density of clusters is negative -2.5406588072856074e-29
WARNING: density of clusters is negative -2.139494252592816e-33
WARNING: density of clusters is negative -3.928654672960241e-27
WARNING: density of clusters is negative -2.1983123101996672e-45
WARNING: density of clusters is negative -2.7898171450230744e-36
WARNING: density of clusters is negative -2.083695972130649e-21
WARNING: density of clusters is negative -1.035966991055182e-12
WARNING: density of clusters is negative -2.188382737368243e-27
WARNING: density of clusters is negative -5.343702711671735e-35
WARNING: density of clusters is negative -3.5575010260567263e-25
WARNING: density of clusters is negative -2.4760043622387133e-41
WARNING: density of clusters is negative -1.0669496429795393e-37
WARNING: density of clusters is negative -7.373387409936676e-26
WARNING: density of clusters is negative -2.1639687283323106e-49
WARNING: density of clusters is negative -2.0895890791604374e-31
WARNING: density of clusters is negative -3.1684093185426374e-31
WARNING: density of clusters is negative -9.205828942780949e-45
WARNING: density of clusters is negative -6.704991208730904e-36
WARNING: density of clusters is negative -1.4558380183624152e-21
WARNING: density of clusters is negative -3.897028764992145e-29
WARNING: density of clusters is negative -3.683932819949484e-37
WARNING: density of clusters is negative -5.1243199877069844e-39
WARNING: density of clusters is negative -1.936535355639319e-34
WARNING: density of clusters is negative -2.4542507480076617e-19
WARNING: density of clusters is negative -1.0863596130065252e-58
WARNING: density of clusters is negative -1.4608022251659106e-29
WARNING: density of clusters is negative -1.4416749072415378e-29
WARNING: density of clusters is negative -5.085403824558464e-29
WARNING: density of clusters is negative -6.245016785777016e-36
WARNING: density of clusters is negative -1.0181515253590547e-27
WARNING: density of clusters is negative -8.129536968066287e-41
WARNING: density of clusters is negative -6.390569291418814e-31
WARNING: density of clusters is negative -9.24730993580917e-14
WARNING: density of clusters is negative -1.2569044400822924e-29
WARNING: density of clusters is negative -7.7163173105688e-36
WARNING: density of clusters is negative -6.2941385647752e-30
WARNING: density of clusters is negative -9.826078966041096e-24
WARNING: density of clusters is negative -4.179300439509925e-15
WARNING: density of clusters is negative -6.31648416577825e-33
WARNING: density of clusters is negative -5.595249112870564e-34
WARNING: density of clusters is negative -5.616872639356926e-35
WARNING: density of clusters is negative -3.3620852131158694e-20
WARNING: density of clusters is negative -1.5287511318972622e-28
WARNING: density of clusters is negative -1.0439260650977758e-38
WARNING: density of clusters is negative -1.423000307941475e-14
WARNING: density of clusters is negative -5.099284833564034e-32
WARNING: density of clusters is negative -9.903714306151803e-27
WARNING: density of clusters is negative -2.6229448777209638e-20
WARNING: density of clusters is negative -7.683385352356844e-30
WARNING: density of clusters is negative -1.6885871577562567e-16
WARNING: density of clusters is negative -1.070674703896597e-44
WARNING: density of clusters is negative -9.830106422854286e-28
WARNING: density of clusters is negative -7.296809795689232e-41
WARNING: density of clusters is negative -6.934661409232326e-30
WARNING: density of clusters is negative -2.2659864564216326e-25
WARNING: density of clusters is negative -2.146682746886115e-41
WARNING: density of clusters is negative -1.1812812564094534e-16
WARNING: density of clusters is negative -2.9464449477255466e-27
WARNING: density of clusters is negative -2.408860135789849e-25
WARNING: density of clusters is negative -2.1898847862255197e-21
WARNING: density of clusters is negative -3.7987191662722937e-31
WARNING: density of clusters is negative -6.306013751738238e-20
WARNING: density of clusters is negative -1.3089866349176684e-17
WARNING: density of clusters is negative -2.7497573027720933e-40
WARNING: density of clusters is negative -1.0301457164577044e-26
WARNING: density of clusters is negative -4.026768269418001e-18
WARNING: density of clusters is negative -8.565387661493396e-25
WARNING: density of clusters is negative -4.688964372823044e-35
WARNING: density of clusters is negative -2.986232808857608e-18
WARNING: density of clusters is negative -6.6600084839421085e-40
WARNING: density of clusters is negative -2.1920678311717082e-35
WARNING: density of clusters is negative -6.221603575522407e-31
WARNING: density of clusters is negative -5.688033997987729e-24
WARNING: density of clusters is negative -7.174358968571806e-26
WARNING: density of clusters is negative -8.588479354916903e-17
WARNING: density of clusters is negative -8.38883494379016e-29
WARNING: density of clusters is negative -5.424000598263452e-28
WARNING: density of clusters is negative -1.3189834389125907e-20
WARNING: density of clusters is negative -1.2262799121903405e-13
WARNING: density of clusters is negative -6.443970659761859e-15
WARNING: density of clusters is negative -1.0947671715402662e-17
WARNING2: density of small clusters is negative -1.232904589495973e-09
WARNING: density of clusters is negative -2.8490418407502973e-27
WARNING: density of clusters is negative -3.2492978949546212e-18
WARNING: density of clusters is negative -7.749333754569802e-13
WARNING: density of clusters is negative -1.4833073927597471e-27
WARNING: density of clusters is negative -8.035674929302745e-23
WARNING: density of clusters is negative -1.8398009465264036e-13
WARNING: density of clusters is negative -6.042940619851277e-24
WARNING: density of clusters is negative -1.6682006472857735e-14
WARNING: density of clusters is negative -1.199789026285437e-27
WARNING: density of clusters is negative -1.7197787024662126e-16
WARNING: density of clusters is negative -4.616062188345159e-30
WARNING: density of clusters is negative -5.440624823889452e-19
WARNING: density of clusters is negative -1.0633405393484972e-16
WARNING: density of clusters is negative -4.850023671111514e-16
WARNING: density of clusters is negative -6.011480044811771e-25
WARNING: density of clusters is negative -2.0860313653959356e-13
WARNING: density of clusters is negative -1.6156735921744766e-12
WARNING: density of clusters is negative -2.386353064387438e-14
WARNING: density of clusters is negative -7.559736085940079e-19
WARNING: density of clusters is negative -2.035880144954498e-13
WARNING: density of clusters is negative -3.319042809761395e-11
WARNING: density of clusters is negative -4.426650199191425e-12
WARNING: density of clusters is negative -1.4762525670559942e-13
WARNING: density of clusters is negative -4.063322791316327e-11
WARNING: density of clusters is negative -4.063322791316327e-11
WARNING: density of clusters is negative -3.012855720345938e-12
WARNING: density of clusters is negative -4.063322791316327e-11
WARNING: density of clusters is negative -6.354879423042483e-14
WARNING: density of clusters is negative -6.603660637312704e-24
WARNING: density of clusters is negative -1.2677981466193208e-17
WARNING: density of clusters is negative -1.4441531972784902e-12
WARNING: density of clusters is negative -7.868968703036309e-18
WARNING: density of clusters is negative -7.727667651455559e-16
WARNING: density of clusters is negative -2.61170329735152e-13
WARNING: density of clusters is negative -2.1119907124061604e-12
WARNING: density of clusters is negative -1.3911870833960266e-12
WARNING: density of clusters is negative -2.1180945007402038e-14
WARNING: density of clusters is negative -2.5598687445086418e-20
WARNING: density of clusters is negative -6.072569430533884e-13
WARNING: density of clusters is negative -1.3889451538148063e-31
WARNING: density of clusters is negative -4.8242228696199487e-14
WARNING: density of clusters is negative -2.4849608382943168e-12
WARNING: density of clusters is negative -2.5005655834191556e-13
WARNING: density of clusters is negative -4.98672124752431e-16
WARNING: density of clusters is negative -2.2489124722908245e-12
WARNING: density of clusters is negative -3.277324599377725e-14
WARNING: density of clusters is negative -8.267866627947376e-22
WARNING: density of clusters is negative -6.209591431454574e-12
WARNING: density of clusters is negative -4.845423379225541e-11
WARNING: density of clusters is negative -3.543421481152489e-12
WARNING: density of clusters is negative -1.6475500854989332e-13
WARNING: density of clusters is negative -5.81921412760851e-14
WARNING: density of clusters is negative -4.063322791316327e-11
WARNING: density of clusters is negative -1.1083580053813406e-12
WARNING: density of clusters is negative -2.816971755520321e-13
WARNING: density of clusters is negative -7.819604201465701e-13
WARNING: density of clusters is negative -4.7643382117256753e-20
WARNING: density of clusters is negative -9.464127253882814e-23
WARNING: density of clusters is negative -2.7643828938764457e-17
WARNING: density of clusters is negative -3.1632991846529804e-12
WARNING: density of clusters is negative -4.063322791316327e-11
WARNING: density of clusters is negative -4.063322791316327e-11
WARNING: density of clusters is negative -4.0610049348181005e-13
WARNING: density of clusters is negative -1.1944767886968e-18
WARNING: density of clusters is negative -1.3866629646952355e-18
WARNING: density of clusters is negative -4.133238525941518e-37
WARNING: density of clusters is negative -8.471322760519323e-45
WARNING: density of clusters is negative -6.465802776304658e-33
WARNING: density of clusters is negative -4.322017033314737e-24
WARNING: density of clusters is negative -6.649122035435433e-19
WARNING: density of clusters is negative -4.288910751575198e-22
WARNING: density of clusters is negative -8.032864379148456e-33
WARNING: density of clusters is negative -2.266218226686557e-27
WARNING: density of clusters is negative -1.0582860817758202e-38
WARNING: density of clusters is negative -1.0547421562391114e-27
WARNING: density of clusters is negative -1.60309529352099e-29
WARNING: density of clusters is negative -7.964154485669596e-26
WARNING: density of clusters is negative -9.14279265436487e-28
WARNING: density of clusters is negative -7.053528573872038e-34
WARNING: density of clusters is negative -1.1999940952488851e-23
WARNING: density of clusters is negative -1.2759116317066135e-50
WARNING: density of clusters is negative -6.941823647912312e-32
WARNING: density of clusters is negative -4.4469572679332e-24
WARNING: density of clusters is negative -6.087012309012649e-20
WARNING: density of clusters is negative -1.178802017786921e-17
WARNING: density of clusters is negative -3.8361424462917524e-47
WARNING: density of clusters is negative -1.6087305051065802e-16
WARNING: density of clusters is negative -4.113776739260529e-17
WARNING: density of clusters is negative -1.659083605986394e-20
WARNING: density of clusters is negative -1.6154457357114551e-37
WARNING: density of clusters is negative -4.715635509663574e-28
WARNING: density of clusters is negative -4.197049792350182e-38
WARNING: density of clusters is negative -2.7213654354641382e-42
WARNING: density of clusters is negative -9.486580982316896e-32
WARNING: density of clusters is negative -1.504973724107611e-34
WARNING: density of clusters is negative -1.9738773470693833e-28
WARNING: density of clusters is negative -1.134087700910323e-35
WARNING: density of clusters is negative -1.4045992295002316e-30
WARNING: density of clusters is negative -2.5141213654390615e-38
WARNING: density of clusters is negative -2.0078136764024833e-33
WARNING: density of clusters is negative -6.017558900447616e-14
WARNING: density of clusters is negative -8.10063391489977e-21
WARNING: density of clusters is negative -9.336874895641745e-55
WARNING: density of clusters is negative -9.373312826517304e-41
WARNING: density of clusters is negative -3.692671475707531e-39
WARNING: density of clusters is negative -5.347575499444961e-35
WARNING: density of clusters is negative -1.7460123852741882e-15
WARNING: density of clusters is negative -1.7954198573509373e-21
WARNING: density of clusters is negative -5.027810151699041e-22
WARNING: density of clusters is negative -1.8286090277445416e-19
WARNING: density of clusters is negative -6.930726005728259e-31
WARNING: density of clusters is negative -1.8395204423466857e-22
WARNING: density of clusters is negative -2.898423465337989e-28
WARNING: density of clusters is negative -9.711717204240293e-37
WARNING: density of clusters is negative -5.568259232033755e-15
WARNING: density of clusters is negative -3.0629620025747626e-21
WARNING: density of clusters is negative -1.6906556574619887e-22
WARNING: density of clusters is negative -2.5085345593779594e-28
WARNING: density of clusters is negative -4.189141446286196e-34
WARNING: density of clusters is negative -1.2548974549452317e-42
WARNING: density of clusters is negative -1.745572363496524e-18
WARNING: density of clusters is negative -5.698352557361632e-40
WARNING: density of clusters is negative -1.9804257156109487e-22
WARNING: density of clusters is negative -4.691204718708648e-16
WARNING: density of clusters is negative -3.9693178543464783e-20
WARNING: density of clusters is negative -1.0647357569266352e-25
WARNING: density of clusters is negative -9.277076527067201e-39
WARNING: density of clusters is negative -1.5626686852474948e-25
WARNING: density of clusters is negative -2.1745632633447765e-26
WARNING: density of clusters is negative -4.444161043991933e-21
WARNING: density of clusters is negative -3.087818044285265e-42
WARNING: density of clusters is negative -1.3166798928564082e-35
WARNING: density of clusters is negative -2.177888996744212e-27
WARNING: density of clusters is negative -2.5831225665495514e-32
WARNING: density of clusters is negative -2.599769560338172e-22
WARNING: density of clusters is negative -4.283750451770231e-32
WARNING: density of clusters is negative -1.5636136107023402e-44
WARNING: density of clusters is negative -5.0087298192364764e-27
WARNING: density of clusters is negative -2.8647659076362566e-20
WARNING: density of clusters is negative -1.4608335574604621e-28
WARNING: density of clusters is negative -1.0922555798183077e-44
WARNING: density of clusters is negative -5.373097314878186e-18
WARNING: density of clusters is negative -1.9842691432326653e-23
WARNING: density of clusters is negative -1.466672134681654e-17
WARNING: density of clusters is negative -1.0894808611527343e-11
WARNING: density of clusters is negative -4.096050799532519e-30
WARNING: density of clusters is negative -1.1233441315760368e-21
WARNING: density of clusters is negative -4.6166685607680615e-36
WARNING: density of clusters is negative -4.72162112102269e-17
WARNING: density of clusters is negative -7.096067656710054e-21
WARNING: density of clusters is negative -3.3237696565734006e-22
WARNING: density of clusters is negative -3.9146369304624335e-25
WARNING: density of clusters is negative -4.621740676846695e-16
WARNING: density of clusters is negative -1.7052432905622096e-32
WARNING: density of clusters is negative -1.795535042195296e-18
WARNING: density of clusters is negative -4.801224759778904e-17
WARNING: density of clusters is negative -2.9496359079973235e-45
WARNING: density of clusters is negative -4.013733860852548e-31
WARNING: density of clusters is negative -1.7520676006574368e-15
WARNING: density of clusters is negative -1.2361709850027756e-11
WARNING: density of clusters is negative -1.2466145275440899e-14
WARNING: density of clusters is negative -2.145465328459501e-15
WARNING2: density of small clusters is negative -1.3183990883171734e-10
WARNING: density of clusters is negative -7.48551938443276e-21
WARNING: density of clusters is negative -3.7391446511015003e-32
WARNING: density of clusters is negative -3.5970537675542053e-12
WARNING: density of clusters is negative -5.170544149742364e-24
WARNING: density of clusters is negative -1.491284584736534e-14
WARNING: density of clusters is negative -1.1353915740998088e-16
WARNING: density of clusters is negative -2.766837363667922e-19
WARNING: density of clusters is negative -7.641173707502096e-19
WARNING: density of clusters is negative -1.345201895017123e-27
WARNING: density of clusters is negative -1.9230001776817885e-15
WARNING: density of clusters is negative -2.0320031386974355e-25
WARNING: density of clusters is negative -3.319042809761395e-11
WARNING: density of clusters is negative -6.060044504364625e-12
WARNING: density of clusters is negative -2.808460393466047e-11
WARNING: density of clusters is negative -2.646424412860818e-11
WARNING: density of clusters is negative -7.559736085940079e-19
WARNING: density of clusters is negative -4.063322791316327e-11
WARNING: density of clusters is negative -2.2024850850506106e-31
WARNING: density of clusters is negative -1.0859533886780107e-35
WARNING: density of clusters is negative -3.8352840284078e-25
WARNING: density of clusters is negative -9.37150818055349e-24
WARNING: density of clusters is negative -2.9012076774680133e-21
WARNING: density of clusters is negative -3.826902391180812e-40
WARNING: density of clusters is negative -1.7972573158214527e-35
WARNING: density of clusters is negative -2.9903531818753378e-33
WARNING: density of clusters is negative -1.1534822148279232e-18
WARNING: density of clusters is negative -1.959427833884163e-16
WARNING: density of clusters is negative -2.391072243190622e-16
WARNING: density of clusters is negative -3.8090024265257976e-25
WARNING: density of clusters is negative -1.827915617430229e-27
WARNING: density of clusters is negative -4.4659200909730936e-20
WARNING: density of clusters is negative -2.476312605115145e-16
WARNING: density of clusters is negative -3.9524508898934056e-15
WARNING: density of clusters is negative -1.399772056280202e-20
WARNING: density of clusters is negative -4.940381403705415e-15
WARNING: density of clusters is negative -4.2761308968384254e-13
WARNING: density of clusters is negative -5.536564764761132e-24
WARNING: density of clusters is negative -1.7887358767479544e-18
WARNING: density of clusters is negative -1.5347776327571514e-17
WARNING: density of clusters is negative -1.2208997314705042e-19
WARNING: density of clusters is negative -4.445300949996715e-19
WARNING: density of clusters is negative -5.012567881719486e-19
WARNING: density of clusters is negative -5.653484557081189e-17
WARNING: density of clusters is negative -1.2536131298313212e-12
WARNING: density of clusters is negative -2.213779122476676e-29
WARNING: density of clusters is negative -9.397956649345774e-15
WARNING: density of clusters is negative -1.699984837265984e-30
WARNING: density of clusters is negative -2.929357676665529e-11
WARNING: density of clusters is negative -2.2982501849570236e-17
WARNING: density of clusters is negative -4.845423379225541e-11
Run the GA  ../data/testParms_tourn_ChiLifetimes_9389.txt
BEGIN main GA loop. 
size of fits, and type[0]:  30000 <class 'numpy.float64'>
fitness[0]:   -6157573.553863109
candidate:  [0.014896814074671652, 0.006119856401345435, 0.406060657663972, 1.3486787138685832, 1.0091435189184434, 0.20032811951714374, 0.0011170130254588057, 0.28744163448401266, 0.685486091439289, 625.8119485320641, 0.00026915027966293534, 0.0022162000770799043, 0.12006839864378155, 0.12143549335408943, 3.3574049728945226, 0.006645475908332077, 549.8641682705348, 0.0145628974919287, 5.404721100230472e-50]
=== Generation 0 ===
Number of viable points so far: 7837
size of fits, and type[0]:  30000 <class 'numpy.float64'>
fitness[0]:   -39.23998264807284
candidate:  [0.003815547224040375, 0.21823942546043923, 1.8765934334714292, 0.015828686862260587, 1.902701036027455, 18.325710606185154, 4.473697356291026, 0.6845631636739302, 0.015600867511246893, 323.80066586502244, 1.8216700049010115, 0.0002741067356611348, 0.3030408637703138, 6.422804103940241, 3.03001421032574, 0.31217171146001926, 2.057055080738528, 0.01397198602871259, 7.730959997973893e-50]
=== Generation 1 ===
Number of viable points so far: 26960
size of fits, and type[0]:  30000 <class 'numpy.float64'>
fitness[0]:   -25.321004039567818
candidate:  [0.37361062215501156, 16.24656619474476, 0.1260592119414687, 0.11084065409551666, 0.028919929470848545, 423.89118312526756, 1.3620008591364996, 0.011533557053689419, 5.464167212992585, 0.5679297047356137, 6.253178575068283, 0.010475355233517074, 0.05005327315012706, 1.82351777682525, 1.742575734280076, 0.32560322171299844, 34.081528493624944, 40.53932563023822, 2.2650652711600167e-50]
=== Generation 2 ===
Number of viable points so far: 46645
size of fits, and type[0]:  30000 <class 'numpy.float64'>
fitness[0]:   -78.13354003018569
candidate:  [0.019969459086645137, 0.04579802508007366, 0.4664928539010147, 0.2850952131758916, 0.2491391647814784, 2.5099708515300767, 1.705857975798739, 0.02040691780346812, 1.7215315848230737, 119.24569827731246, 4.715423382396176, 0.36785285562045467, 0.08493512596364308, 0.5657870209175718, 5.780213312066712, 0.3210902623184099, 18.21537538127852, 0.05382940739424777, 6.397126828583556e-50]
=== Generation 3 ===
Number of viable points so far: 67255
size of fits, and type[0]:  30000 <class 'numpy.float64'>
fitness[0]:   -15.012310684259774
candidate:  [7.435095472053926, 0.002232786933275025, 2.447826727066616, 0.07028751209761834, 3.314819653842664, 0.6990571865969252, 6.110702901806579, 0.11339072905591069, 6.388062543811227, 120.75685256217503, 1.39227009080533, 0.20289476710277088, 0.15301571771008624, 0.9281495865587087, 35.93954115771889, 4.102619086369247, 1.655613123523274, 0.017703710933901117, 6.818730259629667e-50]
=== Generation 4 ===
Number of viable points so far: 87922
size of fits, and type[0]:  30000 <class 'numpy.float64'>
fitness[0]:   -62.363505610013945
candidate:  [9.601733973891795, 74.37648316526652, 0.4225600130531443, 0.1742688477031523, 0.30228788622634817, 0.5718522939053758, 3.7259223425157963, 0.08798424268901854, 0.2879267999148044, 0.014883924580307777, 0.5476619124383239, 0.024666367295915283, 0.01563165875691432, 1.4809220336578917, 6.282034304727133, 0.17912340393956258, 3.415368815865919, 0.013476778678607634, 7.932390538845912e-50]
=== Generation 5 ===
Number of viable points so far: 108656
Writing results to ../data/testParms_tourn_ChiLifetimes_9389.txt
Finished writing parameter file.
Done with all GA generations and file writing.
done with repeat:  2
Best fitness from the run: -2.876407875507109
Best parameters: [0.0015459914225705947, 0.003705265879854737, 0.1, 0.017521687159594766, 0.18390806968633386, 0.5577466658900644, 3.5913044746863996, 0.2151449204298937, 1.285460462687558, 0.765992315914665, 0.4309223184920977, 0.0032096081270486616, 0.9845371031545539, 0.9741119347276456, 37.65781421128569, 0.0015653736598305395, 1405.3202079816174, 0.025582777858347023, 1e-50]
Output filename:  ../data/testParms_tourn_ChiLifetimes_4167.txt
WARNING: density of clusters is negative -2.1803145459338074e-25
WARNING: density of clusters is negative -1.4869565877769882e-46
WARNING: density of clusters is negative -3.7265566085039677e-35
WARNING: density of clusters is negative -4.335410607405742e-36
WARNING: density of clusters is negative -1.7685065019502977e-14
WARNING: density of clusters is negative -3.068603137621575e-36
WARNING: density of clusters is negative -4.136875235690557e-28
WARNING: density of clusters is negative -2.4189809129217602e-32
WARNING: density of clusters is negative -1.4103303783805157e-24
WARNING: density of clusters is negative -3.989706378526374e-48
WARNING: density of clusters is negative -5.595868147856507e-47
WARNING: density of clusters is negative -3.5594132701995e-33
WARNING: density of clusters is negative -1.2853706239608721e-23
WARNING: density of clusters is negative -3.7025028553164494e-46
WARNING: density of clusters is negative -5.94456601295356e-17
WARNING: density of clusters is negative -1.1902443075853675e-16
WARNING: density of clusters is negative -1.980502477397077e-31
WARNING: density of clusters is negative -8.137038529478536e-25
WARNING: density of clusters is negative -9.520694093430779e-32
WARNING: density of clusters is negative -1.1994293636101095e-24
WARNING: density of clusters is negative -4.570241609292456e-43
WARNING: density of clusters is negative -6.454199235111858e-37
WARNING: density of clusters is negative -7.282415725264687e-26
WARNING: density of clusters is negative -1.1118217712418205e-25
WARNING: density of clusters is negative -1.9152999432633506e-19
WARNING: density of clusters is negative -3.2081693196389853e-22
WARNING: density of clusters is negative -1.0708665070582313e-16
WARNING: density of clusters is negative -2.1145211260665795e-31
WARNING: density of clusters is negative -7.968210860432673e-34
WARNING: density of clusters is negative -2.9156742624092665e-39
WARNING: density of clusters is negative -3.0161446777186716e-30
WARNING: density of clusters is negative -6.722921340872341e-22
WARNING: density of clusters is negative -4.508108255173849e-38
WARNING: density of clusters is negative -3.6676176518005977e-25
WARNING: density of clusters is negative -2.4330102555893637e-35
WARNING: density of clusters is negative -3.426789769844893e-30
WARNING: density of clusters is negative -1.2091127128962975e-31
WARNING: density of clusters is negative -6.689967633351621e-48
WARNING: density of clusters is negative -8.993205441824651e-35
WARNING: density of clusters is negative -1.0420292652417128e-26
WARNING: density of clusters is negative -5.209110359512827e-38
WARNING: density of clusters is negative -3.1763610030739665e-30
WARNING: density of clusters is negative -3.2803319274426373e-46
WARNING: density of clusters is negative -9.665596723524335e-17
WARNING: density of clusters is negative -3.3513164213066334e-27
WARNING: density of clusters is negative -3.581750616409746e-43
WARNING: density of clusters is negative -1.339993052909058e-34
WARNING: density of clusters is negative -1.522963964404319e-13
WARNING: density of clusters is negative -1.2019996544091397e-38
WARNING: density of clusters is negative -3.2201740771435753e-39
WARNING: density of clusters is negative -4.366092695982181e-29
WARNING: density of clusters is negative -8.893826620939583e-55
WARNING: density of clusters is negative -1.5450937063299646e-49
WARNING: density of clusters is negative -1.1278453908095087e-35
WARNING: density of clusters is negative -1.3241062220869936e-36
WARNING: density of clusters is negative -8.390652830056453e-34
WARNING: density of clusters is negative -1.4073896004906025e-21
WARNING: density of clusters is negative -1.2980188495284924e-20
WARNING: density of clusters is negative -1.3448227753099701e-46
WARNING: density of clusters is negative -2.5903558943555928e-14
WARNING: density of clusters is negative -3.5206182269195005e-24
WARNING: density of clusters is negative -1.3933912773112835e-33
WARNING: density of clusters is negative -4.8265798048972686e-32
WARNING: density of clusters is negative -6.158957848396535e-27
WARNING: density of clusters is negative -9.801060152473307e-57
WARNING: density of clusters is negative -8.991588618608446e-20
WARNING: density of clusters is negative -1.8018446923166498e-19
WARNING: density of clusters is negative -8.963196160312376e-27
WARNING: density of clusters is negative -1.283071116982027e-34
WARNING: density of clusters is negative -1.703540996517787e-26
WARNING: density of clusters is negative -3.9123172175351495e-25
WARNING: density of clusters is negative -3.5252011680050016e-20
WARNING: density of clusters is negative -4.311586218958654e-35
WARNING: density of clusters is negative -1.7063349222713942e-29
WARNING: density of clusters is negative -1.011754864619246e-22
WARNING: density of clusters is negative -1.0920519096847253e-16
WARNING: density of clusters is negative -7.36807008782467e-43
WARNING: density of clusters is negative -1.4544371140922993e-42
WARNING: density of clusters is negative -5.88515635772781e-20
WARNING: density of clusters is negative -7.938038298791863e-14
WARNING: density of clusters is negative -7.087187693753446e-40
WARNING: density of clusters is negative -4.386069353753889e-40
WARNING: density of clusters is negative -2.425215453446508e-42
WARNING: density of clusters is negative -2.4148198285870564e-32
WARNING: density of clusters is negative -6.517310587755422e-24
WARNING: density of clusters is negative -3.440812962461534e-19
WARNING: density of clusters is negative -3.5505752371100066e-56
WARNING: density of clusters is negative -5.922518563370392e-42
WARNING: density of clusters is negative -1.0599082057652058e-21
WARNING: density of clusters is negative -2.6690747603671616e-25
WARNING: density of clusters is negative -4.715097168554498e-42
WARNING: density of clusters is negative -1.6197734680156526e-35
WARNING: density of clusters is negative -2.1786052977138107e-23
WARNING: density of clusters is negative -4.145317002364964e-13
WARNING: density of clusters is negative -3.292297653325428e-17
WARNING: density of clusters is negative -3.340657294734511e-18
WARNING: density of clusters is negative -1.785994799240921e-27
WARNING: density of clusters is negative -7.9183734272175e-46
WARNING: density of clusters is negative -7.385186839115068e-29
WARNING: density of clusters is negative -7.689873059224756e-40
WARNING: density of clusters is negative -4.098880882341915e-35
WARNING: density of clusters is negative -8.25383487406862e-20
WARNING: density of clusters is negative -5.516524472177816e-16
WARNING: density of clusters is negative -1.9244655603709037e-23
WARNING: density of clusters is negative -7.413926780173713e-45
WARNING: density of clusters is negative -4.8472208839937634e-30
WARNING: density of clusters is negative -8.050010714152962e-22
WARNING: density of clusters is negative -1.0899717752833902e-22
WARNING: density of clusters is negative -1.4958942630794855e-34
WARNING: density of clusters is negative -1.0441440067087863e-23
WARNING: density of clusters is negative -3.536881095598334e-29
WARNING: density of clusters is negative -1.8390611707160019e-19
WARNING: density of clusters is negative -2.742579426060168e-30
WARNING: density of clusters is negative -1.5323248164920886e-31
WARNING: density of clusters is negative -3.792703560773975e-23
WARNING: density of clusters is negative -4.498982509710003e-47
WARNING: density of clusters is negative -1.0073004894310328e-31
WARNING: density of clusters is negative -7.311529146986618e-48
WARNING: density of clusters is negative -7.220265502637824e-31
WARNING: density of clusters is negative -2.2065554586556834e-12
WARNING: density of clusters is negative -5.3997593262115204e-21
WARNING: density of clusters is negative -6.040101743915275e-28
WARNING: density of clusters is negative -4.858455963946388e-41
WARNING: density of clusters is negative -4.4051149446561466e-42
WARNING: density of clusters is negative -5.399146341791146e-37
WARNING: density of clusters is negative -1.868687395562175e-33
WARNING: density of clusters is negative -1.0476613496542891e-18
WARNING: density of clusters is negative -1.6518417936344194e-23
WARNING: density of clusters is negative -1.1886505475910294e-25
WARNING: density of clusters is negative -1.5036371218284817e-27
WARNING: density of clusters is negative -1.5627608871281135e-31
WARNING: density of clusters is negative -3.057924606702964e-12
WARNING: density of clusters is negative -3.1835225334017676e-21
WARNING: density of clusters is negative -4.545828419132532e-26
WARNING: density of clusters is negative -1.7141731025981176e-30
WARNING: density of clusters is negative -2.3356548506101297e-34
WARNING: density of clusters is negative -4.715448756744698e-37
WARNING: density of clusters is negative -4.224690411600345e-34
WARNING: density of clusters is negative -1.9218130658724646e-53
WARNING: density of clusters is negative -9.210324855578823e-21
WARNING: density of clusters is negative -2.321460531574093e-36
WARNING: density of clusters is negative -1.6922954620486418e-31
WARNING: density of clusters is negative -1.2497114764787497e-38
WARNING: density of clusters is negative -1.058762613565411e-26
WARNING: density of clusters is negative -1.4784767148402836e-25
WARNING: density of clusters is negative -5.111531069807043e-23
WARNING: density of clusters is negative -4.5318029451853394e-43
WARNING: density of clusters is negative -1.4939664812022187e-20
WARNING: density of clusters is negative -1.0950636436919094e-32
WARNING: density of clusters is negative -2.0628124842403517e-38
WARNING: density of clusters is negative -1.3355762565473365e-32
WARNING: density of clusters is negative -2.5488688678124555e-31
WARNING: density of clusters is negative -4.0936033816107814e-23
WARNING: density of clusters is negative -4.69974506643137e-22
WARNING: density of clusters is negative -1.2616121035348807e-18
WARNING: density of clusters is negative -3.449053960387358e-44
WARNING: density of clusters is negative -5.961561288897758e-28
WARNING: density of clusters is negative -2.2888567227818614e-34
WARNING: density of clusters is negative -3.309954156189994e-23
WARNING: density of clusters is negative -2.217441399716126e-30
WARNING: density of clusters is negative -1.7834108615314e-24
WARNING: density of clusters is negative -2.6979910946761502e-17
WARNING: density of clusters is negative -7.354184392693884e-14
WARNING: density of clusters is negative -1.027528584904533e-29
WARNING: density of clusters is negative -1.8520197199833492e-49
WARNING: density of clusters is negative -8.252660641454285e-42
WARNING: density of clusters is negative -2.233614620099849e-26
WARNING: density of clusters is negative -3.0353255413176446e-20
WARNING: density of clusters is negative -6.421189700026437e-17
WARNING: density of clusters is negative -9.308030494473654e-22
WARNING: density of clusters is negative -1.438889535519447e-49
WARNING: density of clusters is negative -7.118950780019565e-26
WARNING: density of clusters is negative -9.617651065451664e-29
WARNING: density of clusters is negative -3.155875688075604e-23
WARNING: density of clusters is negative -3.6081123675238356e-15
WARNING: density of clusters is negative -3.144413394422171e-40
WARNING: density of clusters is negative -2.759519861648111e-20
WARNING: density of clusters is negative -4.041512370616906e-45
WARNING: density of clusters is negative -2.1429541951749856e-35
WARNING: density of clusters is negative -3.558993774441576e-29
WARNING: density of clusters is negative -1.6037768559188286e-40
WARNING: density of clusters is negative -8.787724377483302e-33
WARNING: density of clusters is negative -2.497131126381869e-63
WARNING: density of clusters is negative -5.32554211983687e-31
WARNING: density of clusters is negative -8.370981632787115e-36
WARNING: density of clusters is negative -4.9597180213639435e-49
WARNING: density of clusters is negative -2.4055861534537694e-14
WARNING: density of clusters is negative -2.145580651872535e-25
WARNING: density of clusters is negative -4.148979058008603e-28
WARNING: density of clusters is negative -3.8797218186733275e-39
WARNING: density of clusters is negative -6.750445911390255e-27
WARNING: density of clusters is negative -1.2244775876489223e-34
WARNING: density of clusters is negative -1.0434372623401095e-26
WARNING: density of clusters is negative -2.2305746405487456e-33
WARNING: density of clusters is negative -8.162063120636825e-23
WARNING: density of clusters is negative -4.395395601278214e-30
WARNING: density of clusters is negative -1.3393104291779788e-34
WARNING: density of clusters is negative -5.506768015665326e-26
WARNING: density of clusters is negative -3.3600280562643644e-19
WARNING: density of clusters is negative -1.2258431024318603e-39
WARNING: density of clusters is negative -2.171705145622866e-31
WARNING: density of clusters is negative -2.642048950976639e-25
WARNING: density of clusters is negative -6.903448635144427e-32
WARNING: density of clusters is negative -8.51358230637299e-21
WARNING: density of clusters is negative -1.719117108793228e-45
WARNING: density of clusters is negative -1.5513881589309493e-41
WARNING: density of clusters is negative -6.598831363049644e-47
WARNING: density of clusters is negative -5.4652602027140816e-42
WARNING: density of clusters is negative -2.1876912194760848e-23
WARNING: density of clusters is negative -7.787776843749033e-23
WARNING: density of clusters is negative -2.5282080453612548e-20
WARNING: density of clusters is negative -6.282880501851723e-31
WARNING: density of clusters is negative -1.2797288670286815e-46
WARNING: density of clusters is negative -5.423860949494501e-41
WARNING: density of clusters is negative -3.279263787624103e-31
WARNING: density of clusters is negative -6.961424178576596e-34
WARNING: density of clusters is negative -4.802320558161749e-28
WARNING: density of clusters is negative -6.642650678264983e-37
WARNING: density of clusters is negative -1.7856804388137792e-16
WARNING: density of clusters is negative -5.083308331072203e-18
WARNING: density of clusters is negative -1.8616676711178053e-38
WARNING: density of clusters is negative -1.2905272952270961e-34
WARNING: density of clusters is negative -1.7917633566155343e-45
WARNING: density of clusters is negative -5.358959134149571e-19
WARNING: density of clusters is negative -4.520676599653298e-40
WARNING: density of clusters is negative -2.782694962665434e-15
WARNING: density of clusters is negative -5.85505476501039e-20
WARNING: density of clusters is negative -2.581270985787997e-28
WARNING: density of clusters is negative -1.225996377028242e-31
WARNING: density of clusters is negative -2.8364537981680628e-27
WARNING: density of clusters is negative -4.975501028298132e-29
WARNING: density of clusters is negative -8.72749139350305e-20
WARNING: density of clusters is negative -4.395497230755809e-28
WARNING: density of clusters is negative -2.227845449742506e-44
WARNING: density of clusters is negative -3.132206516215318e-29
WARNING: density of clusters is negative -1.1257331449757796e-30
WARNING: density of clusters is negative -1.1141581896045482e-19
WARNING: density of clusters is negative -2.4487382122753536e-35
WARNING: density of clusters is negative -4.336824069745895e-28
WARNING: density of clusters is negative -1.7979774873588653e-48
WARNING: density of clusters is negative -1.0287543083688478e-43
WARNING: density of clusters is negative -3.48694231714095e-14
WARNING: density of clusters is negative -5.643532848960834e-62
WARNING: density of clusters is negative -1.471781872203285e-56
WARNING: density of clusters is negative -1.8450396930917146e-46
WARNING: density of clusters is negative -1.4856171699812097e-37
WARNING: density of clusters is negative -4.41587979900475e-21
WARNING: density of clusters is negative -2.7258709438581936e-48
WARNING: density of clusters is negative -2.4733783772571104e-45
WARNING: density of clusters is negative -5.06181416696475e-39
WARNING: density of clusters is negative -1.220798123968052e-18
WARNING: density of clusters is negative -2.3126365374172175e-18
WARNING: density of clusters is negative -1.4721101655011766e-21
WARNING: density of clusters is negative -1.3397972726149603e-35
WARNING: density of clusters is negative -2.1147782332618782e-32
WARNING: density of clusters is negative -3.2528177204293876e-24
WARNING: density of clusters is negative -6.388104049726195e-36
WARNING: density of clusters is negative -2.799349102222053e-17
WARNING: density of clusters is negative -2.78494520625563e-50
WARNING: density of clusters is negative -8.976061127546671e-28
WARNING: density of clusters is negative -1.0039265180123598e-22
WARNING: density of clusters is negative -1.0066419833398059e-23
WARNING: density of clusters is negative -1.393970749217999e-23
WARNING: density of clusters is negative -1.2623480387669913e-17
WARNING: density of clusters is negative -8.112741994459762e-41
WARNING: density of clusters is negative -6.343276032277056e-38
WARNING: density of clusters is negative -7.291405795020119e-47
WARNING: density of clusters is negative -1.507982132919906e-23
WARNING: density of clusters is negative -4.361811598671749e-13
WARNING: density of clusters is negative -2.4684545585215784e-23
WARNING: density of clusters is negative -1.8299291355549724e-34
WARNING: density of clusters is negative -4.874053841774024e-24
WARNING: density of clusters is negative -1.9247586182830612e-26
WARNING: density of clusters is negative -3.0701305710768123e-34
WARNING: density of clusters is negative -3.16596049888174e-12
WARNING: density of clusters is negative -4.044389325826393e-31
WARNING: density of clusters is negative -1.1266151912952538e-54
WARNING: density of clusters is negative -2.49654465311179e-48
WARNING: density of clusters is negative -1.2969884161369764e-28
WARNING: density of clusters is negative -2.5122114719826226e-28
WARNING: density of clusters is negative -4.8573035809873625e-29
WARNING: density of clusters is negative -1.171508264209701e-13
WARNING: density of clusters is negative -1.1185955813128032e-17
WARNING: density of clusters is negative -5.803432812984382e-24
WARNING: density of clusters is negative -6.915440158882978e-16
WARNING: density of clusters is negative -1.3352104790099852e-12
WARNING: density of clusters is negative -3.353707370651663e-22
WARNING: density of clusters is negative -2.3128890248632462e-25
WARNING: density of clusters is negative -2.95614972040258e-33
WARNING: density of clusters is negative -3.6910209529131236e-42
WARNING: density of clusters is negative -5.05244493600467e-31
WARNING: density of clusters is negative -7.441568899655479e-45
WARNING: density of clusters is negative -2.051307942849553e-54
WARNING: density of clusters is negative -3.4509519437021637e-12
WARNING: density of clusters is negative -2.046701398217588e-40
WARNING: density of clusters is negative -2.698379072437011e-30
WARNING: density of clusters is negative -1.7484877990330776e-32
WARNING: density of clusters is negative -1.0468919537962113e-33
WARNING: density of clusters is negative -8.1838462471401e-28
WARNING: density of clusters is negative -3.102967549938982e-38
WARNING: density of clusters is negative -2.6617320161513433e-26
WARNING: density of clusters is negative -1.895417190488419e-37
WARNING: density of clusters is negative -4.4319148311886215e-34
WARNING: density of clusters is negative -5.384052987773347e-43
WARNING: density of clusters is negative -3.2439134987949e-39
WARNING: density of clusters is negative -5.9211118133698305e-33
WARNING: density of clusters is negative -7.694845156140911e-24
WARNING: density of clusters is negative -5.931807962061367e-27
WARNING: density of clusters is negative -2.818760101262572e-14
WARNING: density of clusters is negative -3.1912686073644225e-21
WARNING: density of clusters is negative -3.360118767823575e-12
WARNING: density of clusters is negative -2.1280692113836212e-35
WARNING: density of clusters is negative -6.7248405400823496e-43
WARNING: density of clusters is negative -6.318263136585085e-33
WARNING: density of clusters is negative -2.02229282984926e-40
WARNING: density of clusters is negative -2.15098815062681e-38
WARNING: density of clusters is negative -1.0925520634082952e-22
WARNING: density of clusters is negative -4.473261357306984e-21
WARNING: density of clusters is negative -5.822611098714869e-29
WARNING: density of clusters is negative -5.1954489133235995e-30
WARNING: density of clusters is negative -1.13352355648614e-24
WARNING: density of clusters is negative -8.518468763397442e-15
WARNING: density of clusters is negative -4.934671738357414e-22
WARNING: density of clusters is negative -2.3593920733032195e-27
WARNING: density of clusters is negative -1.261807388783757e-45
WARNING: density of clusters is negative -1.2359831422029701e-25
WARNING: density of clusters is negative -1.0569857441059841e-30
WARNING: density of clusters is negative -1.386063062059656e-26
WARNING: density of clusters is negative -1.6425412196348465e-17
WARNING: density of clusters is negative -6.347445864109826e-34
WARNING: density of clusters is negative -9.246804977249515e-24
WARNING: density of clusters is negative -5.009412069375225e-28
WARNING: density of clusters is negative -1.0081583061603505e-32
WARNING: density of clusters is negative -5.852944447033724e-20
WARNING: density of clusters is negative -5.177607703858004e-29
WARNING: density of clusters is negative -1.8710498809047283e-43
WARNING: density of clusters is negative -3.264196565328481e-29
WARNING: density of clusters is negative -4.480945409586285e-21
WARNING: density of clusters is negative -1.048170548512181e-26
WARNING: density of clusters is negative -1.0953775016025212e-33
WARNING: density of clusters is negative -8.987514165626144e-27
WARNING: density of clusters is negative -1.5160693798796665e-16
WARNING: density of clusters is negative -1.1173349619697713e-37
WARNING: density of clusters is negative -3.4949621825282016e-20
WARNING: density of clusters is negative -3.4323788911137523e-10
WARNING: density of clusters is negative -3.2144961736758138e-12
WARNING: density of clusters is negative -4.712749232879839e-22
WARNING: density of clusters is negative -1.67677870974132e-22
WARNING: density of clusters is negative -1.2480124348499984e-30
WARNING: density of clusters is negative -5.442432342051982e-26
WARNING: density of clusters is negative -8.608747060889398e-36
WARNING: density of clusters is negative -3.766552724560745e-30
WARNING: density of clusters is negative -9.007016350457227e-18
WARNING: density of clusters is negative -2.863201639806997e-28
WARNING: density of clusters is negative -1.4376617893492382e-22
WARNING: density of clusters is negative -2.458524284976817e-36
WARNING: density of clusters is negative -3.1346484359027276e-27
WARNING: density of clusters is negative -1.4492770294035152e-38
WARNING: density of clusters is negative -9.514809359913675e-36
WARNING: density of clusters is negative -5.888430763424537e-40
WARNING: density of clusters is negative -5.491051354065206e-29
WARNING: density of clusters is negative -7.986148727459972e-45
WARNING: density of clusters is negative -3.465096802582813e-24
WARNING: density of clusters is negative -3.0221074369592285e-18
WARNING: density of clusters is negative -3.426638618771941e-20
WARNING: density of clusters is negative -1.2203638329540128e-26
WARNING: density of clusters is negative -8.95212981394322e-17
WARNING: density of clusters is negative -1.1865877784922331e-31
WARNING: density of clusters is negative -1.2271153215281515e-24
WARNING: density of clusters is negative -6.902106712283653e-25
WARNING: density of clusters is negative -2.322600612977273e-38
WARNING: density of clusters is negative -2.178195963620399e-22
WARNING: density of clusters is negative -8.104422882965048e-30
WARNING: density of clusters is negative -1.557702799354396e-42
WARNING: density of clusters is negative -4.22771043541668e-23
WARNING: density of clusters is negative -3.2646532989945975e-21
WARNING: density of clusters is negative -8.9636487106385e-31
WARNING: density of clusters is negative -1.8068709377068308e-29
WARNING: density of clusters is negative -4.929735293060505e-24
WARNING: density of clusters is negative -1.051588744396619e-14
WARNING: density of clusters is negative -5.385861597649027e-28
WARNING: density of clusters is negative -8.555123503457154e-18
WARNING: density of clusters is negative -5.672639201978228e-38
WARNING: density of clusters is negative -5.821947090705763e-30
WARNING: density of clusters is negative -6.87580004102254e-18
WARNING: density of clusters is negative -6.784759501745258e-15
WARNING: density of clusters is negative -1.6133017753354006e-17
WARNING: density of clusters is negative -1.520746111657432e-29
WARNING: density of clusters is negative -2.630103964568287e-21
WARNING: density of clusters is negative -3.303139065505713e-40
WARNING: density of clusters is negative -3.3618180586860393e-31
WARNING: density of clusters is negative -8.698844737191241e-36
WARNING: density of clusters is negative -2.7267544569294387e-30
WARNING: density of clusters is negative -9.474248886737627e-33
WARNING: density of clusters is negative -4.868522692723903e-33
WARNING: density of clusters is negative -2.9048779031219868e-30
WARNING: density of clusters is negative -1.9525819992411106e-16
WARNING: density of clusters is negative -1.2412162604658149e-29
WARNING: density of clusters is negative -2.4356908928275303e-30
WARNING: density of clusters is negative -1.6909248633216456e-49
WARNING: density of clusters is negative -1.817524413350719e-18
WARNING: density of clusters is negative -5.27712187286869e-19
WARNING: density of clusters is negative -1.529776171287183e-34
WARNING: density of clusters is negative -4.098482371272934e-36
WARNING: density of clusters is negative -4.8979056845366916e-40
WARNING: density of clusters is negative -3.121252282551415e-49
WARNING: density of clusters is negative -1.5409261590071692e-26
WARNING: density of clusters is negative -1.4114093417674952e-42
WARNING: density of clusters is negative -1.236752479502053e-30
WARNING: density of clusters is negative -1.202600943403052e-35
WARNING: density of clusters is negative -9.314036588193268e-34
WARNING: density of clusters is negative -3.328250272483562e-40
WARNING: density of clusters is negative -4.682372192908292e-40
WARNING: density of clusters is negative -1.6074013282750377e-20
WARNING: density of clusters is negative -4.908711146982633e-47
WARNING: density of clusters is negative -4.225151334229929e-28
WARNING: density of clusters is negative -5.903436441533096e-28
WARNING: density of clusters is negative -1.1115334692530724e-44
WARNING: density of clusters is negative -2.3410616150045194e-42
WARNING: density of clusters is negative -5.492458550702341e-51
WARNING: density of clusters is negative -2.3770519463763796e-44
WARNING: density of clusters is negative -1.3177873923152966e-17
WARNING: density of clusters is negative -1.094795775919493e-28
WARNING: density of clusters is negative -8.193252645030693e-52
WARNING: density of clusters is negative -1.4038840827487082e-43
WARNING: density of clusters is negative -3.88664223183931e-35
WARNING: density of clusters is negative -2.794697690461231e-26
WARNING: density of clusters is negative -2.2918486510446866e-28
WARNING: density of clusters is negative -1.8557553348827466e-23
WARNING: density of clusters is negative -2.159603520042447e-17
WARNING: density of clusters is negative -4.1724354285851066e-41
WARNING: density of clusters is negative -6.517568028758297e-23
WARNING: density of clusters is negative -4.826016992189224e-31
WARNING: density of clusters is negative -9.644893545624827e-51
WARNING: density of clusters is negative -2.0828312750059874e-20
WARNING: density of clusters is negative -1.3043045224331907e-27
WARNING: density of clusters is negative -1.012165689065241e-24
WARNING: density of clusters is negative -4.503457107681722e-33
WARNING: density of clusters is negative -2.8441433064494776e-19
WARNING: density of clusters is negative -5.972854099840139e-39
WARNING: density of clusters is negative -1.3768850234441583e-21
WARNING: density of clusters is negative -4.352624524454629e-28
WARNING: density of clusters is negative -2.5770111742540146e-13
WARNING: density of clusters is negative -2.3238925296804224e-32
WARNING: density of clusters is negative -2.363225805341715e-30
WARNING: density of clusters is negative -1.8453819485702407e-36
WARNING: density of clusters is negative -1.0827870985604323e-36
WARNING: density of clusters is negative -5.839291608280995e-28
WARNING: density of clusters is negative -7.997826107073837e-27
WARNING: density of clusters is negative -1.7584454657535287e-32
WARNING: density of clusters is negative -1.0598409095648975e-19
WARNING: density of clusters is negative -9.952300720945043e-23
WARNING: density of clusters is negative -5.998702145548513e-26
WARNING: density of clusters is negative -7.725209417922207e-22
WARNING: density of clusters is negative -2.2416284309158128e-30
WARNING: density of clusters is negative -6.348443194501473e-22
WARNING: density of clusters is negative -6.724103266132165e-28
WARNING: density of clusters is negative -6.955767175778883e-22
WARNING: density of clusters is negative -1.156663760954585e-41
WARNING: density of clusters is negative -5.50806243539991e-38
WARNING: density of clusters is negative -3.095144209506565e-58
WARNING: density of clusters is negative -1.955334937613058e-30
WARNING: density of clusters is negative -2.8371390033484877e-32
WARNING: density of clusters is negative -5.309716526577399e-38
WARNING: density of clusters is negative -1.5818819103194974e-26
WARNING: density of clusters is negative -5.454533990526724e-30
WARNING: density of clusters is negative -1.2121793659404383e-29
WARNING: density of clusters is negative -3.0161925142936597e-38
WARNING: density of clusters is negative -1.060278842706053e-13
WARNING: density of clusters is negative -3.5378406990791393e-38
WARNING: density of clusters is negative -4.9147024979617604e-29
WARNING: density of clusters is negative -3.225435403033043e-33
WARNING: density of clusters is negative -6.647947389265984e-39
WARNING: density of clusters is negative -1.678287446399712e-27
WARNING: density of clusters is negative -1.2031298175313876e-43
WARNING: density of clusters is negative -1.3764652170920033e-23
WARNING: density of clusters is negative -3.989151248230635e-35
WARNING: density of clusters is negative -2.6039087379898992e-28
WARNING: density of clusters is negative -3.933908509675413e-19
WARNING: density of clusters is negative -3.5611532772200546e-22
WARNING: density of clusters is negative -7.397288136887972e-41
WARNING: density of clusters is negative -7.484371715908401e-22
WARNING: density of clusters is negative -7.65039163863925e-37
WARNING: density of clusters is negative -1.1798883710415306e-26
WARNING: density of clusters is negative -2.0493774763412894e-15
WARNING: density of clusters is negative -4.88584030307584e-25
WARNING: density of clusters is negative -5.0551383679190564e-21
WARNING: density of clusters is negative -1.0475800532666036e-41
WARNING: density of clusters is negative -6.691175872397711e-32
WARNING: density of clusters is negative -3.257633162411566e-18
WARNING: density of clusters is negative -3.0698885842170882e-22
WARNING: density of clusters is negative -7.823786426878143e-14
WARNING: density of clusters is negative -1.4241844431229004e-22
WARNING: density of clusters is negative -5.941116637218709e-14
WARNING: density of clusters is negative -2.9089818306211794e-17
WARNING: density of clusters is negative -1.931169429590398e-12
WARNING: density of clusters is negative -1.728454368030422e-15
WARNING: density of clusters is negative -1.2702419262841786e-10
WARNING: density of clusters is negative -1.0190641959766428e-13
WARNING: density of clusters is negative -1.3503215022241453e-21
WARNING: density of clusters is negative -8.30533703420382e-14
WARNING: density of clusters is negative -5.873409501094045e-17
WARNING: density of clusters is negative -2.175559999525707e-14
WARNING: density of clusters is negative -2.928372851692809e-16
WARNING: density of clusters is negative -4.577795322033831e-13
WARNING: density of clusters is negative -1.0239040855339595e-11
WARNING: density of clusters is negative -4.184472417585985e-15
WARNING: density of clusters is negative -4.625541869960985e-12
WARNING: density of clusters is negative -6.134747297124556e-14
WARNING: density of clusters is negative -5.2744554004552185e-34
WARNING: density of clusters is negative -6.024259668413737e-43
WARNING: density of clusters is negative -3.187772051026173e-43
WARNING: density of clusters is negative -2.5301032403735897e-42
WARNING: density of clusters is negative -8.6560622951e-34
WARNING: density of clusters is negative -4.155881575703116e-31
WARNING: density of clusters is negative -9.226285677245652e-26
WARNING: density of clusters is negative -2.9508018202086542e-25
WARNING: density of clusters is negative -8.794225236529297e-52
WARNING: density of clusters is negative -4.532081400182584e-33
WARNING: density of clusters is negative -6.502471059930524e-50
WARNING: density of clusters is negative -9.177578312382625e-44
WARNING: density of clusters is negative -8.004651476522176e-30
WARNING: density of clusters is negative -1.6685069073916768e-17
WARNING: density of clusters is negative -1.4564250149781463e-24
WARNING: density of clusters is negative -2.2745150638186267e-13
WARNING: density of clusters is negative -1.572459707341553e-26
WARNING: density of clusters is negative -3.59686465684526e-35
WARNING: density of clusters is negative -2.7078619210016202e-25
WARNING: density of clusters is negative -3.0395297969100286e-17
WARNING: density of clusters is negative -3.273195840137553e-36
WARNING: density of clusters is negative -5.30567452418181e-38
WARNING: density of clusters is negative -9.995426287178862e-16
WARNING: density of clusters is negative -1.2424623844276878e-44
WARNING: density of clusters is negative -6.874426128350148e-24
WARNING: density of clusters is negative -2.2948174948197876e-25
WARNING: density of clusters is negative -1.13887921024985e-21
WARNING: density of clusters is negative -2.6706183460331876e-12
WARNING: density of clusters is negative -5.115088576092687e-43
WARNING: density of clusters is negative -3.5855438893168133e-20
WARNING: density of clusters is negative -6.945332622481349e-34
WARNING: density of clusters is negative -2.87236755251801e-23
WARNING: density of clusters is negative -4.081321353843612e-33
WARNING: density of clusters is negative -1.3070242935925734e-34
WARNING: density of clusters is negative -7.828261550899035e-31
WARNING: density of clusters is negative -5.755890125273672e-31
WARNING: density of clusters is negative -2.1822319844834783e-17
WARNING: density of clusters is negative -7.8800977619970535e-28
WARNING: density of clusters is negative -1.3232439566276762e-25
WARNING: density of clusters is negative -2.4034751852159797e-25
WARNING: density of clusters is negative -4.24897562409006e-29
WARNING: density of clusters is negative -1.2641371338439023e-43
WARNING: density of clusters is negative -1.1282018119706689e-32
WARNING: density of clusters is negative -8.75624115213041e-25
WARNING: density of clusters is negative -7.616874195602354e-32
WARNING: density of clusters is negative -9.327982281635114e-29
WARNING: density of clusters is negative -2.2066675153831622e-26
WARNING: density of clusters is negative -1.8255825843944592e-16
WARNING: density of clusters is negative -1.1329480650861207e-31
WARNING: density of clusters is negative -5.005698114203218e-50
WARNING: density of clusters is negative -3.747080657068794e-42
WARNING: density of clusters is negative -7.719087024245279e-34
WARNING: density of clusters is negative -4.783536574540672e-38
WARNING: density of clusters is negative -9.357563907989241e-33
WARNING: density of clusters is negative -5.47547808731332e-13
WARNING: density of clusters is negative -1.807146359042861e-21
WARNING: density of clusters is negative -2.6574960069759064e-27
WARNING: density of clusters is negative -4.169706527722645e-33
WARNING: density of clusters is negative -7.745530902158963e-33
WARNING: density of clusters is negative -2.5877055952663842e-40
WARNING: density of clusters is negative -5.1961022005188444e-27
WARNING: density of clusters is negative -7.965171922949325e-31
WARNING: density of clusters is negative -6.9684815107634825e-43
WARNING: density of clusters is negative -1.3131356177310987e-40
WARNING: density of clusters is negative -2.1918873937167397e-33
WARNING: density of clusters is negative -4.238200340719261e-24
WARNING: density of clusters is negative -3.1951026810420136e-14
WARNING: density of clusters is negative -9.118577484847373e-49
WARNING: density of clusters is negative -3.8208402794580714e-32
WARNING: density of clusters is negative -1.2028684064443962e-38
WARNING: density of clusters is negative -5.530802588289216e-37
WARNING: density of clusters is negative -1.782952467284747e-27
WARNING: density of clusters is negative -2.3102962515175258e-33
WARNING: density of clusters is negative -1.6581373219918263e-40
WARNING: density of clusters is negative -2.676604693044386e-18
WARNING: density of clusters is negative -1.0693052442597912e-14
WARNING: density of clusters is negative -7.445821183288441e-27
WARNING: density of clusters is negative -2.850169816263616e-20
WARNING: density of clusters is negative -4.826762018817259e-26
WARNING: density of clusters is negative -4.014637736439787e-18
WARNING: density of clusters is negative -1.3907983698351403e-21
WARNING: density of clusters is negative -1.953650103459676e-33
WARNING: density of clusters is negative -2.5120127342223375e-25
WARNING: density of clusters is negative -7.764933485532726e-21
WARNING: density of clusters is negative -3.645035890315447e-20
WARNING: density of clusters is negative -1.3644914962308245e-33
WARNING: density of clusters is negative -8.975575930786561e-38
WARNING: density of clusters is negative -2.422217308788388e-41
WARNING: density of clusters is negative -5.752027652303715e-14
WARNING: density of clusters is negative -9.126411676976722e-53
WARNING: density of clusters is negative -2.414967314153247e-18
WARNING: density of clusters is negative -6.47597267320778e-33
WARNING: density of clusters is negative -3.352485662303404e-22
WARNING: density of clusters is negative -1.022830525627705e-23
WARNING: density of clusters is negative -2.370997299767085e-15
WARNING: density of clusters is negative -6.511103885931449e-45
WARNING: density of clusters is negative -2.5214157868038616e-34
WARNING: density of clusters is negative -2.772658735320413e-22
WARNING: density of clusters is negative -7.669458482697894e-42
WARNING: density of clusters is negative -8.461392369434995e-36
WARNING2: density of small clusters is negative -2.8077432371724665e-10
WARNING: density of clusters is negative -2.7304018173371363e-28
WARNING: density of clusters is negative -1.0310091486602368e-20
WARNING: density of clusters is negative -3.138658314328513e-31
WARNING: density of clusters is negative -1.7369723617028232e-15
WARNING: density of clusters is negative -4.0739247722467384e-13
WARNING: density of clusters is negative -3.2253697155461095e-14
WARNING: density of clusters is negative -1.7828442474939132e-11
WARNING: density of clusters is negative -7.926457738613442e-14
WARNING: density of clusters is negative -1.7781194713760294e-14
WARNING: density of clusters is negative -3.873904128453855e-12
WARNING: density of clusters is negative -1.4649240031663331e-16
WARNING: density of clusters is negative -1.9663396762745708e-13
WARNING: density of clusters is negative -1.0175202345654475e-13
WARNING: density of clusters is negative -1.0124551716822459e-16
WARNING: density of clusters is negative -6.056669289090015e-14
WARNING: density of clusters is negative -5.604785672271257e-14
WARNING: density of clusters is negative -6.981423480114424e-11
WARNING: density of clusters is negative -1.8801141428041766e-12
WARNING: density of clusters is negative -1.0214213577394484e-14
WARNING: density of clusters is negative -1.4083653193044017e-15
WARNING: density of clusters is negative -7.899254695258263e-17
WARNING: density of clusters is negative -3.6044844188950607e-13
WARNING: density of clusters is negative -2.580137194379286e-19
WARNING: density of clusters is negative -5.366550915679963e-16
WARNING: density of clusters is negative -3.29966502266698e-16
WARNING: density of clusters is negative -2.9152009758749087e-26
WARNING: density of clusters is negative -4.455345873541722e-18
WARNING: density of clusters is negative -8.131168321156122e-42
WARNING: density of clusters is negative -5.285149992739904e-28
WARNING: density of clusters is negative -1.4188840235100754e-21
WARNING: density of clusters is negative -3.2721878817438425e-15
WARNING: density of clusters is negative -3.2416448698888245e-38
WARNING: density of clusters is negative -1.400624129918854e-25
WARNING: density of clusters is negative -2.970509112931777e-34
WARNING: density of clusters is negative -8.104636872907688e-32
WARNING: density of clusters is negative -3.195212964538807e-45
WARNING: density of clusters is negative -3.59448153113803e-51
WARNING: density of clusters is negative -5.532947085001354e-29
WARNING: density of clusters is negative -2.5565012514943483e-41
WARNING: density of clusters is negative -6.409532090703689e-25
WARNING: density of clusters is negative -1.8253289625727629e-44
WARNING: density of clusters is negative -1.4981063623740824e-23
WARNING: density of clusters is negative -3.6257551219550056e-14
WARNING: density of clusters is negative -2.1879338763194716e-20
WARNING: density of clusters is negative -8.841646351466353e-18
WARNING: density of clusters is negative -3.8051751645797285e-11
WARNING: density of clusters is negative -1.847084463114869e-11
WARNING: density of clusters is negative -2.080240465478432e-19
WARNING: density of clusters is negative -7.615617042417828e-14
WARNING: density of clusters is negative -1.246096206795576e-14
WARNING: density of clusters is negative -1.430045240191001e-14
WARNING: density of clusters is negative -1.1316428390552176e-15
WARNING: density of clusters is negative -9.481161328386168e-14
WARNING: density of clusters is negative -1.0039678985311741e-15
WARNING: density of clusters is negative -1.114010457318053e-12
WARNING: density of clusters is negative -1.784518142072393e-12
WARNING: density of clusters is negative -1.76683278733466e-13
WARNING: density of clusters is negative -8.15794882967896e-13
WARNING: density of clusters is negative -3.784211984048754e-13
WARNING: density of clusters is negative -2.5572360049429067e-24
WARNING: density of clusters is negative -2.4903363937051803e-13
WARNING: density of clusters is negative -4.751711872380207e-13
WARNING: density of clusters is negative -1.2762960772350256e-21
WARNING: density of clusters is negative -5.561751341886401e-40
WARNING: density of clusters is negative -3.8670889385947084e-30
WARNING: density of clusters is negative -1.9883357777824998e-36
WARNING: density of clusters is negative -4.139375668013068e-31
WARNING: density of clusters is negative -1.2538675753032716e-13
WARNING: density of clusters is negative -6.942686080691835e-15
WARNING: density of clusters is negative -3.563465866464696e-16
WARNING: density of clusters is negative -1.081405694789533e-12
WARNING: density of clusters is negative -2.4110476001304585e-11
WARNING: density of clusters is negative -1.0269835518102387e-16
WARNING: density of clusters is negative -1.9592440051716733e-16
WARNING: density of clusters is negative -1.1823204623849112e-14
WARNING: density of clusters is negative -1.7412965267985656e-20
WARNING: density of clusters is negative -8.67708986502435e-21
WARNING: density of clusters is negative -3.3879276278813264e-14
WARNING: density of clusters is negative -5.311844363719616e-16
WARNING: density of clusters is negative -1.0001195898744822e-13
WARNING: density of clusters is negative -1.7363986460002071e-12
WARNING: density of clusters is negative -5.123517111636107e-15
WARNING: density of clusters is negative -2.2481897052319933e-15
WARNING: density of clusters is negative -7.499240700133248e-16
WARNING: density of clusters is negative -3.117215455048848e-12
WARNING: density of clusters is negative -2.269007300627176e-12
WARNING: density of clusters is negative -5.219307383511626e-12
WARNING: density of clusters is negative -9.73684155294342e-15
WARNING: density of clusters is negative -1.3736100861408498e-13
WARNING: density of clusters is negative -5.040198597244822e-13
WARNING: density of clusters is negative -5.925556249629213e-13
WARNING: density of clusters is negative -2.0695152377258066e-13
WARNING: density of clusters is negative -7.64609872868479e-13
WARNING: density of clusters is negative -9.74345725810527e-13
WARNING: density of clusters is negative -7.618242076412391e-13
WARNING: density of clusters is negative -1.1451566208232789e-14
WARNING: density of clusters is negative -1.8970248692875886e-30
WARNING: density of clusters is negative -1.1576157165278889e-32
WARNING: density of clusters is negative -6.019566807488011e-28
WARNING: density of clusters is negative -5.96180975257499e-19
WARNING: density of clusters is negative -5.090387603837373e-35
WARNING: density of clusters is negative -4.2724662468937165e-28
WARNING: density of clusters is negative -2.798525409486761e-14
WARNING: density of clusters is negative -3.9914327454266465e-49
WARNING: density of clusters is negative -2.0769671751661498e-44
WARNING: density of clusters is negative -4.25230457190395e-54
WARNING: density of clusters is negative -1.323977805969281e-38
WARNING: density of clusters is negative -5.3188157719874355e-21
WARNING: density of clusters is negative -8.60995888773014e-24
WARNING: density of clusters is negative -1.4637988767905516e-24
WARNING: density of clusters is negative -2.744171270443064e-17
WARNING: density of clusters is negative -2.473424698282226e-25
WARNING: density of clusters is negative -1.6355601660408668e-22
WARNING: density of clusters is negative -2.0811467109477375e-26
WARNING: density of clusters is negative -7.678400647650664e-23
WARNING: density of clusters is negative -2.8318908786377874e-24
WARNING: density of clusters is negative -4.216587704865758e-20
WARNING: density of clusters is negative -3.925165493921189e-18
WARNING: density of clusters is negative -2.316870365831636e-28
WARNING: density of clusters is negative -9.611203503154911e-22
WARNING: density of clusters is negative -1.0011310585104242e-34
WARNING: density of clusters is negative -2.355031357642928e-17
WARNING: density of clusters is negative -9.86799881137885e-29
WARNING: density of clusters is negative -1.8692221746191637e-41
WARNING: density of clusters is negative -5.286553472100557e-36
WARNING: density of clusters is negative -8.17763785035391e-18
WARNING: density of clusters is negative -2.902663990870317e-41
WARNING: density of clusters is negative -3.568968296544838e-51
WARNING: density of clusters is negative -3.4750896991318117e-23
WARNING: density of clusters is negative -2.6791195021607675e-32
WARNING: density of clusters is negative -1.0770976667622829e-22
WARNING: density of clusters is negative -1.970975592187276e-20
WARNING: density of clusters is negative -2.0886953416685525e-31
WARNING: density of clusters is negative -1.2824906629845198e-23
WARNING: density of clusters is negative -3.3067668449432634e-12
WARNING: density of clusters is negative -1.095254715194201e-25
WARNING: density of clusters is negative -6.899193201789576e-29
WARNING: density of clusters is negative -2.427401565014927e-38
WARNING: density of clusters is negative -3.26133538018042e-44
WARNING: density of clusters is negative -2.0780951191303244e-34
WARNING: density of clusters is negative -1.290830511035034e-24
WARNING: density of clusters is negative -2.553782402454356e-26
WARNING: density of clusters is negative -2.400662541226314e-28
WARNING: density of clusters is negative -1.4656172270016662e-20
WARNING: density of clusters is negative -1.4872820266733792e-20
WARNING: density of clusters is negative -1.0446896821200756e-29
WARNING: density of clusters is negative -7.888558194708126e-41
WARNING: density of clusters is negative -5.305081655675033e-37
WARNING: density of clusters is negative -9.385919523065428e-21
WARNING: density of clusters is negative -8.500276413037926e-14
WARNING: density of clusters is negative -4.463130279705712e-21
WARNING: density of clusters is negative -3.8367661706179716e-21
WARNING: density of clusters is negative -1.1528522033844852e-27
WARNING: density of clusters is negative -3.697905811618028e-18
WARNING: density of clusters is negative -9.532244907114456e-33
WARNING: density of clusters is negative -3.153573642270793e-28
WARNING: density of clusters is negative -4.4713230521545704e-27
WARNING: density of clusters is negative -8.692243006057533e-54
WARNING: density of clusters is negative -3.288308751192993e-42
WARNING: density of clusters is negative -1.0000215301081764e-25
WARNING: density of clusters is negative -5.336051035783535e-51
WARNING: density of clusters is negative -3.984955568534552e-25
WARNING: density of clusters is negative -3.265916181518124e-29
WARNING: density of clusters is negative -1.3874393135682386e-24
WARNING: density of clusters is negative -1.0062107557961626e-28
WARNING: density of clusters is negative -5.9032751818956335e-28
WARNING: density of clusters is negative -7.451370088749779e-16
WARNING: density of clusters is negative -2.744143732123969e-20
WARNING: density of clusters is negative -1.0106884326142682e-42
WARNING: density of clusters is negative -3.401415372228375e-57
WARNING: density of clusters is negative -2.827996971253478e-22
WARNING: density of clusters is negative -3.556539112427644e-15
WARNING: density of clusters is negative -5.324911023693879e-42
WARNING: density of clusters is negative -4.305340647923283e-22
WARNING: density of clusters is negative -8.429805320453047e-40
WARNING: density of clusters is negative -1.9950499086888104e-13
WARNING: density of clusters is negative -2.419469636764762e-27
WARNING: density of clusters is negative -4.1523899778933836e-16
WARNING: density of clusters is negative -2.5620244455556075e-30
WARNING: density of clusters is negative -2.4280896546310958e-27
WARNING: density of clusters is negative -9.249360858003409e-36
WARNING: density of clusters is negative -4.32864937686537e-18
WARNING: density of clusters is negative -2.2735210342271906e-34
WARNING: density of clusters is negative -2.698385903016536e-26
WARNING: density of clusters is negative -1.0803574466660757e-27
WARNING: density of clusters is negative -1.1341406343020865e-15
WARNING: density of clusters is negative -1.3961777163841295e-22
WARNING: density of clusters is negative -1.2629853771811012e-18
WARNING: density of clusters is negative -2.671822033686495e-13
WARNING: density of clusters is negative -1.1667604498137737e-23
WARNING: density of clusters is negative -8.891583911329795e-19
WARNING: density of clusters is negative -1.0453069726460333e-13
WARNING: density of clusters is negative -4.36615514108811e-13
WARNING: density of clusters is negative -2.595603217983796e-14
WARNING: density of clusters is negative -3.011685301982768e-18
WARNING: density of clusters is negative -1.3398945382677287e-14
WARNING: density of clusters is negative -5.016476034924435e-12
WARNING: density of clusters is negative -1.5727709286137668e-18
WARNING: density of clusters is negative -3.8900029788496423e-16
WARNING: density of clusters is negative -1.2044210125453472e-14
WARNING: density of clusters is negative -2.659354326829153e-13
WARNING: density of clusters is negative -3.459632167148178e-21
WARNING: density of clusters is negative -2.848288991059667e-12
WARNING: density of clusters is negative -1.8677916747681278e-15
WARNING: density of clusters is negative -3.3266837323647225e-16
WARNING: density of clusters is negative -4.338384856027024e-14
WARNING: density of clusters is negative -6.76427683528485e-17
WARNING: density of clusters is negative -3.541003068805666e-16
WARNING: density of clusters is negative -2.8826933660271782e-15
WARNING: density of clusters is negative -8.428492629509604e-14
WARNING: density of clusters is negative -2.0083947168030585e-17
WARNING: density of clusters is negative -2.4522989243309864e-19
WARNING: density of clusters is negative -2.667268664418205e-17
WARNING: density of clusters is negative -2.2240680412704173e-40
WARNING: density of clusters is negative -1.2179748522225572e-37
WARNING: density of clusters is negative -3.73003141428246e-49
WARNING: density of clusters is negative -6.583833581808019e-30
WARNING: density of clusters is negative -3.317881137227797e-24
WARNING2: density of small clusters is negative -5.252902296080071e-19
WARNING: density of clusters is negative -1.1067681508439044e-21
WARNING: density of clusters is negative -1.4744521193512756e-30
WARNING: density of clusters is negative -7.295999613844939e-47
WARNING: density of clusters is negative -1.568002596238847e-42
WARNING: density of clusters is negative -3.52881697042263e-30
WARNING: density of clusters is negative -8.58690858434441e-12
WARNING: density of clusters is negative -2.4034522303193445e-16
WARNING: density of clusters is negative -1.2416475686127913e-18
WARNING: density of clusters is negative -1.2119018076651254e-16
WARNING: density of clusters is negative -8.035728356882905e-20
WARNING: density of clusters is negative -1.0731386349627552e-20
WARNING: density of clusters is negative -3.6354380365691273e-16
WARNING: density of clusters is negative -5.1539723623945835e-14
WARNING: density of clusters is negative -1.116795069845544e-14
WARNING: density of clusters is negative -1.0783950764254569e-12
WARNING: density of clusters is negative -5.506192163948258e-23
WARNING: density of clusters is negative -8.940191301067885e-12
WARNING: density of clusters is negative -2.513339476628976e-31
WARNING: density of clusters is negative -1.5530049565263417e-14
WARNING: density of clusters is negative -2.7069956209810256e-16
WARNING: density of clusters is negative -7.896988912411508e-14
WARNING: density of clusters is negative -3.1982845602500675e-18
WARNING: density of clusters is negative -7.064321502658946e-17
WARNING: density of clusters is negative -1.4395815729116104e-16
WARNING: density of clusters is negative -9.641795969296667e-16
WARNING: density of clusters is negative -5.610553681937101e-15
WARNING: density of clusters is negative -6.782944636877647e-12
WARNING: density of clusters is negative -2.4767149957573963e-16
WARNING: density of clusters is negative -8.566189415102705e-19
WARNING: density of clusters is negative -1.784518142072393e-12
WARNING: density of clusters is negative -1.7900357054753047e-17
WARNING: density of clusters is negative -1.6312552353624378e-17
WARNING: density of clusters is negative -3.062232750609233e-19
WARNING: density of clusters is negative -1.6970389339505783e-12
WARNING: density of clusters is negative -2.1389515605968256e-15
WARNING: density of clusters is negative -2.6643823938331225e-13
WARNING: density of clusters is negative -5.506447146875915e-12
WARNING: density of clusters is negative -3.2272279152616977e-15
WARNING: density of clusters is negative -6.731900280396464e-36
WARNING: density of clusters is negative -5.211099515453095e-45
WARNING: density of clusters is negative -1.2842622078303054e-43
WARNING: density of clusters is negative -1.5091950435143545e-54
WARNING: density of clusters is negative -1.3140629455249276e-52
WARNING: density of clusters is negative -2.9364827828438615e-20
WARNING: density of clusters is negative -1.1122192071929133e-30
WARNING: density of clusters is negative -3.2391961516259555e-26
WARNING: density of clusters is negative -6.65181790056919e-26
WARNING: density of clusters is negative -3.317116043296854e-28
WARNING: density of clusters is negative -5.177656560720209e-23
WARNING: density of clusters is negative -2.7940083101715307e-27
WARNING: density of clusters is negative -6.980042803678623e-36
WARNING: density of clusters is negative -3.909618249694854e-28
WARNING: density of clusters is negative -7.771786030574643e-36
WARNING: density of clusters is negative -3.619516966670805e-51
WARNING: density of clusters is negative -5.86485437644308e-20
WARNING: density of clusters is negative -2.4910906919283518e-45
WARNING: density of clusters is negative -1.6189299122299508e-20
WARNING: density of clusters is negative -3.704741451465362e-34
WARNING: density of clusters is negative -3.9296112973631034e-28
WARNING: density of clusters is negative -3.064356613835847e-23
WARNING: density of clusters is negative -2.590909504734604e-28
WARNING: density of clusters is negative -2.956634322369265e-23
WARNING: density of clusters is negative -3.4312028284901776e-53
WARNING: density of clusters is negative -1.4533281349188745e-49
WARNING: density of clusters is negative -5.90253989378833e-38
WARNING: density of clusters is negative -2.818365163177732e-18
WARNING: density of clusters is negative -4.853750807815397e-24
WARNING: density of clusters is negative -2.465073288823221e-28
WARNING: density of clusters is negative -4.948748518340429e-23
WARNING: density of clusters is negative -1.0256013831269508e-21
WARNING: density of clusters is negative -6.3628751669014715e-21
WARNING: density of clusters is negative -3.683103508987172e-29
WARNING: density of clusters is negative -3.8858371428304104e-28
WARNING: density of clusters is negative -4.136063316072337e-20
WARNING: density of clusters is negative -6.6226248560216414e-31
WARNING: density of clusters is negative -4.245612040170992e-26
WARNING: density of clusters is negative -1.3194943305513219e-25
WARNING: density of clusters is negative -5.588779682045003e-16
WARNING: density of clusters is negative -8.088347869121452e-33
WARNING: density of clusters is negative -2.7710753151783534e-20
WARNING: density of clusters is negative -2.0901921736183172e-43
WARNING: density of clusters is negative -2.1864433938712825e-34
WARNING: density of clusters is negative -1.1346081989569831e-16
WARNING: density of clusters is negative -9.431580680193046e-38
WARNING: density of clusters is negative -1.2548006991950746e-44
WARNING: density of clusters is negative -6.912405743084994e-38
WARNING: density of clusters is negative -7.05938196715886e-21
WARNING: density of clusters is negative -1.677930143312392e-17
WARNING: density of clusters is negative -2.2275232336402157e-38
WARNING: density of clusters is negative -1.8162184959153501e-16
WARNING: density of clusters is negative -5.535391770128784e-57
WARNING: density of clusters is negative -6.814717591828595e-44
WARNING: density of clusters is negative -6.920545414915446e-30
WARNING: density of clusters is negative -2.568979331893917e-23
WARNING: density of clusters is negative -1.7053205365717784e-42
WARNING: density of clusters is negative -2.617645466738531e-29
WARNING: density of clusters is negative -8.241432666534078e-20
WARNING: density of clusters is negative -1.37512949083444e-34
WARNING: density of clusters is negative -2.3914505877561866e-26
WARNING: density of clusters is negative -2.6722269935585724e-14
WARNING: density of clusters is negative -4.742219325030783e-22
WARNING: density of clusters is negative -9.018211648986528e-16
WARNING: density of clusters is negative -8.721877240679448e-23
WARNING: density of clusters is negative -2.4127845829816898e-34
WARNING: density of clusters is negative -1.830617411262181e-19
WARNING: density of clusters is negative -8.902985515481637e-46
WARNING: density of clusters is negative -1.409876086766054e-25
WARNING: density of clusters is negative -1.5878124945339823e-21
WARNING: density of clusters is negative -1.275665428389365e-45
WARNING: density of clusters is negative -1.822648110092285e-21
WARNING: density of clusters is negative -8.935641804520038e-43
WARNING: density of clusters is negative -3.084202695325089e-31
WARNING: density of clusters is negative -1.6500148154803975e-31
WARNING: density of clusters is negative -5.289376151268522e-23
WARNING: density of clusters is negative -4.930438519544987e-29
WARNING: density of clusters is negative -1.4199763729109013e-16
WARNING: density of clusters is negative -2.680120322067987e-35
WARNING: density of clusters is negative -6.988927356618646e-20
WARNING: density of clusters is negative -2.0650062948801306e-22
WARNING: density of clusters is negative -1.368922287024053e-32
WARNING: density of clusters is negative -4.3691313551602315e-20
WARNING: density of clusters is negative -9.325057658078822e-37
WARNING: density of clusters is negative -6.311045828957556e-55
WARNING: density of clusters is negative -2.2795994892522493e-20
WARNING: density of clusters is negative -7.380685536431543e-12
WARNING: density of clusters is negative -6.534725998823164e-18
WARNING: density of clusters is negative -3.354852918391388e-14
WARNING: density of clusters is negative -1.294804686676437e-14
WARNING: density of clusters is negative -2.6720116731378053e-14
WARNING: density of clusters is negative -4.7595738305869094e-14
WARNING: density of clusters is negative -1.6959962174068032e-15
WARNING: density of clusters is negative -5.4060480713789135e-14
WARNING: density of clusters is negative -2.5548084627704756e-15
WARNING: density of clusters is negative -7.90869749377091e-12
WARNING: density of clusters is negative -1.0519638292448622e-14
WARNING: density of clusters is negative -8.99749946175237e-13
WARNING: density of clusters is negative -1.2322467317910083e-12
WARNING: density of clusters is negative -8.644811557770932e-13
WARNING: density of clusters is negative -2.4134891432455273e-11
WARNING: density of clusters is negative -5.883489710993525e-15
WARNING: density of clusters is negative -6.196042165277958e-13
WARNING: density of clusters is negative -1.4672324557976497e-16
WARNING: density of clusters is negative -1.052339481027385e-16
WARNING: density of clusters is negative -6.990702961186967e-15
WARNING: density of clusters is negative -1.3019449269007362e-35
WARNING: density of clusters is negative -8.687711509703634e-44
WARNING: density of clusters is negative -2.30604290740798e-25
WARNING: density of clusters is negative -3.354214399632186e-15
WARNING: density of clusters is negative -5.6343179992163665e-52
WARNING: density of clusters is negative -2.9489733615703235e-36
WARNING: density of clusters is negative -1.94847271284327e-30
WARNING: density of clusters is negative -6.113807317503671e-29
WARNING: density of clusters is negative -1.115469053287634e-17
WARNING: density of clusters is negative -1.3711780551527663e-20
WARNING: density of clusters is negative -5.319429281274926e-57
WARNING: density of clusters is negative -4.8056087953675315e-25
WARNING: density of clusters is negative -6.099048747781606e-16
WARNING: density of clusters is negative -1.3605656091493625e-29
WARNING: density of clusters is negative -1.158882729341534e-34
WARNING: density of clusters is negative -1.4466073674900305e-24
WARNING: density of clusters is negative -8.548421478619538e-27
WARNING: density of clusters is negative -4.509509171715194e-31
WARNING: density of clusters is negative -2.4287641463923222e-36
WARNING: density of clusters is negative -3.029498071866541e-32
WARNING: density of clusters is negative -1.1830613414242555e-38
WARNING: density of clusters is negative -5.319458753413254e-53
WARNING: density of clusters is negative -6.630982382243691e-46
WARNING: density of clusters is negative -2.62102162214819e-31
WARNING: density of clusters is negative -8.116858708848631e-53
WARNING: density of clusters is negative -5.161892993080207e-27
WARNING: density of clusters is negative -7.65871896955746e-23
WARNING: density of clusters is negative -8.802610270263326e-12
WARNING: density of clusters is negative -7.3613644720284595e-34
WARNING: density of clusters is negative -9.205043327475498e-42
WARNING: density of clusters is negative -3.668763486484886e-38
WARNING: density of clusters is negative -3.8456264672578854e-26
WARNING: density of clusters is negative -4.841734593235562e-32
WARNING: density of clusters is negative -8.377489389550233e-59
WARNING: density of clusters is negative -6.052940101036278e-53
WARNING: density of clusters is negative -1.2915107061572178e-31
WARNING: density of clusters is negative -6.71775211676541e-20
WARNING: density of clusters is negative -1.2464063399028368e-28
WARNING: density of clusters is negative -5.930309746648945e-21
WARNING: density of clusters is negative -6.60671703939405e-44
WARNING: density of clusters is negative -2.6745696624290393e-24
WARNING: density of clusters is negative -8.725036010743814e-23
WARNING: density of clusters is negative -2.3925874557277446e-24
WARNING: density of clusters is negative -8.702223642838488e-34
WARNING: density of clusters is negative -1.2632421995944301e-24
WARNING: density of clusters is negative -1.8609637727178698e-33
WARNING: density of clusters is negative -1.0395751479651854e-21
WARNING: density of clusters is negative -2.967117677839333e-27
WARNING: density of clusters is negative -1.3493836549465928e-24
WARNING: density of clusters is negative -2.611325909056958e-19
WARNING: density of clusters is negative -1.8034162959670372e-36
WARNING: density of clusters is negative -1.5207518586200778e-27
WARNING: density of clusters is negative -1.3707631108407813e-19
WARNING: density of clusters is negative -1.1200181873966464e-19
WARNING: density of clusters is negative -1.6235001939473303e-40
WARNING: density of clusters is negative -5.102488314991715e-38
WARNING: density of clusters is negative -9.249892776290811e-29
WARNING: density of clusters is negative -2.5333169953120563e-24
WARNING: density of clusters is negative -1.7123959651938012e-26
WARNING: density of clusters is negative -1.6582847712878703e-23
WARNING: density of clusters is negative -2.901240569570692e-22
WARNING: density of clusters is negative -5.020323811338993e-16
WARNING: density of clusters is negative -3.335760979993873e-17
WARNING: density of clusters is negative -9.043214013454927e-31
WARNING: density of clusters is negative -6.769078152384493e-28
WARNING: density of clusters is negative -6.79762116935863e-28
WARNING: density of clusters is negative -2.5595587251828307e-31
WARNING: density of clusters is negative -3.9134863549020134e-13
WARNING: density of clusters is negative -2.1623910669673165e-29
WARNING: density of clusters is negative -4.339167784089338e-22
WARNING: density of clusters is negative -1.1562787512952669e-25
WARNING: density of clusters is negative -5.07841177557213e-17
WARNING: density of clusters is negative -1.2976906603522194e-13
WARNING: density of clusters is negative -3.6763453896185363e-13
WARNING: density of clusters is negative -3.423058673365018e-21
WARNING: density of clusters is negative -2.7066197004099754e-33
WARNING: density of clusters is negative -4.291380557256867e-30
WARNING: density of clusters is negative -2.2531121035541108e-38
WARNING: density of clusters is negative -5.952348227649525e-24
WARNING: density of clusters is negative -1.0190972610215402e-31
WARNING: density of clusters is negative -1.0270811288308741e-26
WARNING: density of clusters is negative -1.0234648111845551e-15
WARNING: density of clusters is negative -7.295233302975564e-23
WARNING: density of clusters is negative -1.3278381506113679e-27
WARNING: density of clusters is negative -1.6218597436669293e-15
WARNING: density of clusters is negative -8.951722132793499e-31
WARNING: density of clusters is negative -5.726066562781829e-33
WARNING: density of clusters is negative -9.754548599556782e-17
WARNING: density of clusters is negative -3.199263924145953e-14
WARNING: density of clusters is negative -1.165205775820341e-16
WARNING: density of clusters is negative -1.312771263754216e-26
WARNING: density of clusters is negative -3.7706480427469974e-14
WARNING: density of clusters is negative -3.133770686206624e-14
WARNING: density of clusters is negative -2.928178742227412e-15
WARNING: density of clusters is negative -1.7125510793793604e-14
WARNING: density of clusters is negative -6.187009244714846e-14
WARNING: density of clusters is negative -5.019069728171558e-14
WARNING: density of clusters is negative -5.175018706358978e-12
WARNING: density of clusters is negative -5.877132319124714e-12
WARNING: density of clusters is negative -1.7663474758333633e-12
WARNING: density of clusters is negative -3.415661289605019e-13
WARNING: density of clusters is negative -8.359069922155544e-13
WARNING: density of clusters is negative -1.929106832323119e-27
WARNING: density of clusters is negative -2.2541800447852978e-13
WARNING: density of clusters is negative -1.2177287509818197e-17
WARNING: density of clusters is negative -2.800798957797898e-12
WARNING: density of clusters is negative -9.136899286420775e-15
WARNING: density of clusters is negative -1.2792141045538365e-17
WARNING: density of clusters is negative -2.0545327945718367e-17
WARNING: density of clusters is negative -1.5701684534787495e-16
WARNING: density of clusters is negative -9.109532564211776e-15
WARNING: density of clusters is negative -7.633125495950044e-15
WARNING: density of clusters is negative -2.2721052948389454e-23
WARNING: density of clusters is negative -1.5924475331805075e-17
WARNING: density of clusters is negative -3.6080379812725507e-12
WARNING: density of clusters is negative -1.990614812214691e-13
WARNING: density of clusters is negative -6.530483155785233e-13
WARNING: density of clusters is negative -3.2705166853028485e-13
WARNING: density of clusters is negative -1.3833041639813399e-14
WARNING: density of clusters is negative -2.278316974640026e-12
Run the GA  ../data/testParms_tourn_ChiLifetimes_4167.txt
BEGIN main GA loop. 
size of fits, and type[0]:  30000 <class 'numpy.float64'>
fitness[0]:   -180.482944450165
candidate:  [0.11271849618780326, 1.5777109040287733, 7.10281066603191, 0.021477242887695647, 0.003600519034933566, 0.010803379863167394, 0.0021615972927391124, 123.59232118219212, 0.22551280059275072, 774.4201583228242, 0.18211916130691322, 0.09944659341518144, 0.011975601502159502, 3.86118625903694, 59.015858166871475, 0.2575819226095297, 1404.7008233168442, 1.3977638178319804, 5.912546433940531e-50]
=== Generation 0 ===
Number of viable points so far: 7781
size of fits, and type[0]:  30000 <class 'numpy.float64'>
fitness[0]:   -37.4524388701929
candidate:  [2.132410748123863, 1.7279687799470522, 1.8489136519870166, 0.1688898816124762, 5.215891486488544, 174.62863735799615, 0.009427082297678645, 311.03627103403676, 1.1049408517159227, 0.022211326949910397, 4.7664379453676, 0.134539577428422, 0.7290600846436041, 6.497335214708453, 36.94390474411858, 2.1842374619511213, 1.2959926860163569, 0.01571721431481172, 2.081754130139091e-50]
=== Generation 1 ===
Number of viable points so far: 26679
size of fits, and type[0]:  30000 <class 'numpy.float64'>
fitness[0]:   -22.2103120344411
candidate:  [0.7178758764566519, 62.82509610886337, 0.12184920715388652, 0.04557226646654119, 0.008157080852423977, 97.42461826780652, 6.045683904316638, 0.2962121233942986, 6.38805046008638, 0.45069372369410693, 0.37257969089940784, 0.07454083991614059, 0.03405695091369334, 0.13031170178396687, 2.481281336919988, 0.43518931884523365, 152.6468767546099, 0.36753806435591535, 1.7531356000569738e-50]
=== Generation 2 ===
Number of viable points so far: 46478
size of fits, and type[0]:  30000 <class 'numpy.float64'>
fitness[0]:   -31.456347865109088
candidate:  [0.003261377916086431, 0.0035297609825022803, 4.37175549428692, 0.01573905906138271, 0.15838678584002538, 1.162778058923782, 0.04217437822254605, 6.41346888685071, 4.883734362112323, 9.362456976912886, 0.33307906296054796, 3.5235002844389416, 0.5247794504467567, 3.949286389442238, 2.7669554270256445, 3.3342950459148915, 6628.603243890622, 0.023297967093795367, 2.1986764703563247e-50]
=== Generation 3 ===
Number of viable points so far: 66932
size of fits, and type[0]:  30000 <class 'numpy.float64'>
fitness[0]:   -11.421864471660808
candidate:  [0.21891066594401784, 0.56401569299775, 2.9597346325748712, 1.4284574109542332, 0.6262002877594532, 0.38281281332669587, 0.8584368868021606, 0.16032633196259882, 0.019313685891658317, 0.14829295389950461, 0.34314306069751643, 0.00015141084063910256, 0.07056756183507, 2.392328403400814, 3.169733734419065, 0.002962464600986434, 2637.5371759847267, 0.020416258505814053, 9.22586825716979e-50]
=== Generation 4 ===
Number of viable points so far: 87984
size of fits, and type[0]:  30000 <class 'numpy.float64'>
fitness[0]:   -9.477384065427023
candidate:  [0.14360745774202854, 0.0022592338163621665, 0.7440628433812896, 0.06280733065052253, 2.4912369381420603, 0.010115613101583019, 5.304526938046225, 0.09038376224788366, 0.0017031748162822241, 6.229084783962592, 2.0662508082357913, 0.00013195906954834152, 0.26897074932025883, 0.7319427746116483, 82.35523910758248, 0.001983921493834778, 13.374089729060508, 0.012012493417944322, 6.495858666020665e-50]
=== Generation 5 ===
Number of viable points so far: 109780
Writing results to ../data/testParms_tourn_ChiLifetimes_4167.txt
Finished writing parameter file.
Done with all GA generations and file writing.
done with repeat:  3
Best fitness from the run: -2.739446386369144
Best parameters: [0.14360745774202854, 0.0023884279210026607, 0.6586133682383508, 0.08604717815538968, 0.8935990924381763, 0.3329891263537682, 4.614393188790771, 0.4454200282392423, 0.08785853379173275, 1.19597693067799, 0.1847655351823944, 0.015819002392764597, 0.0558152660117976, 0.9957569111058522, 10.391056837959725, 0.001983921493834778, 8.82207706158247, 0.023433635283471373, 5.110132093086652e-50]
Output filename:  ../data/testParms_tourn_ChiLifetimes_7500.txt
WARNING: density of clusters is negative -2.759054888384832e-14
WARNING: density of clusters is negative -1.425525023726665e-49
WARNING: density of clusters is negative -3.5439551560712315e-27
WARNING: density of clusters is negative -2.059284907975876e-47
WARNING: density of clusters is negative -8.097138123533565e-43
WARNING: density of clusters is negative -2.0599705695929515e-17
WARNING: density of clusters is negative -4.088122054182116e-29
WARNING: density of clusters is negative -2.0045762443052483e-28
WARNING: density of clusters is negative -5.134089932249178e-22
WARNING: density of clusters is negative -1.828015541104887e-18
WARNING: density of clusters is negative -1.0775848560060555e-26
WARNING: density of clusters is negative -1.8396416334273413e-24
WARNING: density of clusters is negative -5.533399430131107e-34
WARNING: density of clusters is negative -3.4150612041676646e-43
WARNING: density of clusters is negative -9.190176231335295e-25
WARNING: density of clusters is negative -1.0570760621210797e-34
WARNING: density of clusters is negative -2.405739978049464e-36
WARNING: density of clusters is negative -7.056337769463858e-49
WARNING: density of clusters is negative -3.91131544187412e-38
WARNING: density of clusters is negative -9.816551000500477e-25
WARNING: density of clusters is negative -5.79194883935298e-16
WARNING: density of clusters is negative -3.909365423440675e-34
WARNING: density of clusters is negative -8.032093565532926e-27
WARNING: density of clusters is negative -1.363237894901801e-23
WARNING: density of clusters is negative -1.79523266553335e-18
WARNING: density of clusters is negative -1.1301552545483207e-40
WARNING: density of clusters is negative -1.340936287842033e-31
WARNING: density of clusters is negative -3.9447263567094125e-34
WARNING: density of clusters is negative -4.753690449290415e-14
WARNING: density of clusters is negative -1.5846335444010178e-20
WARNING: density of clusters is negative -2.582378837853106e-26
WARNING: density of clusters is negative -4.4388819459894777e-23
WARNING: density of clusters is negative -7.967882776629271e-20
WARNING: density of clusters is negative -2.7269993430398537e-28
WARNING: density of clusters is negative -1.0984837669797868e-17
WARNING: density of clusters is negative -5.691797169727213e-22
WARNING: density of clusters is negative -2.106958419059769e-42
WARNING: density of clusters is negative -8.362721297044457e-36
WARNING: density of clusters is negative -3.880976402861149e-46
WARNING: density of clusters is negative -1.8510870227487316e-61
WARNING: density of clusters is negative -1.7876207867530652e-50
WARNING: density of clusters is negative -3.1270233243365803e-41
WARNING: density of clusters is negative -3.298167154015827e-38
WARNING: density of clusters is negative -2.2648004749851628e-39
WARNING: density of clusters is negative -1.640199789849008e-24
WARNING: density of clusters is negative -1.2039180510241063e-48
WARNING: density of clusters is negative -1.60205545991669e-48
WARNING: density of clusters is negative -2.859321684614299e-43
WARNING: density of clusters is negative -1.1115068091405423e-44
WARNING: density of clusters is negative -1.1016293134928969e-38
WARNING: density of clusters is negative -1.3891459258278385e-25
WARNING: density of clusters is negative -5.701770397936803e-23
WARNING: density of clusters is negative -1.3538112701942968e-33
WARNING: density of clusters is negative -5.276957843776401e-26
WARNING: density of clusters is negative -3.4788385861500143e-26
WARNING: density of clusters is negative -6.511485898858226e-34
WARNING: density of clusters is negative -1.244354442079193e-50
WARNING: density of clusters is negative -4.654895564866558e-26
WARNING: density of clusters is negative -6.758741625552721e-19
WARNING: density of clusters is negative -1.1935289784856742e-31
WARNING: density of clusters is negative -2.3837915744536007e-22
WARNING: density of clusters is negative -3.8466694340452e-34
WARNING: density of clusters is negative -3.540066349322608e-24
WARNING: density of clusters is negative -1.209336594908125e-39
WARNING: density of clusters is negative -1.7300773050187565e-33
WARNING: density of clusters is negative -1.2908135876317984e-53
WARNING: density of clusters is negative -1.8491889713565965e-41
WARNING: density of clusters is negative -1.4271618267317256e-42
WARNING: density of clusters is negative -3.93436591138773e-18
WARNING: density of clusters is negative -6.168310290154967e-37
WARNING: density of clusters is negative -2.168575888848655e-26
WARNING: density of clusters is negative -4.3149536038417556e-42
WARNING: density of clusters is negative -1.1232767689166408e-28
WARNING: density of clusters is negative -1.8525486622413024e-18
WARNING: density of clusters is negative -3.543424783857228e-36
WARNING: density of clusters is negative -4.328614727099478e-33
WARNING: density of clusters is negative -3.8264111736769365e-19
WARNING: density of clusters is negative -2.728869799544174e-13
WARNING: density of clusters is negative -7.851427394251723e-38
WARNING: density of clusters is negative -1.0324583181946656e-30
WARNING: density of clusters is negative -7.749318097259938e-41
WARNING: density of clusters is negative -2.693773383378843e-44
WARNING: density of clusters is negative -1.0403012511020312e-44
WARNING: density of clusters is negative -8.749293194622905e-14
WARNING: density of clusters is negative -1.0164467679027406e-32
WARNING: density of clusters is negative -5.580210581830533e-28
WARNING: density of clusters is negative -7.055468306039954e-18
WARNING: density of clusters is negative -3.9233853600811983e-23
WARNING: density of clusters is negative -6.8348844384425805e-25
WARNING: density of clusters is negative -1.40562517778456e-43
WARNING: density of clusters is negative -7.669828860236188e-35
WARNING: density of clusters is negative -2.596812284501805e-11
WARNING: density of clusters is negative -4.178275418785639e-43
WARNING: density of clusters is negative -2.994556729459031e-26
WARNING: density of clusters is negative -4.4522832383735065e-29
WARNING: density of clusters is negative -3.497886839352478e-33
WARNING: density of clusters is negative -7.887810304294351e-25
WARNING: density of clusters is negative -3.904383710026583e-21
WARNING: density of clusters is negative -6.320796160877134e-32
WARNING: density of clusters is negative -4.719240424149924e-30
WARNING: density of clusters is negative -3.923868774201897e-36
WARNING: density of clusters is negative -3.3703562766257504e-26
WARNING: density of clusters is negative -3.0298416269226083e-31
WARNING: density of clusters is negative -1.3965571431514052e-34
WARNING: density of clusters is negative -2.4053833170606728e-25
WARNING: density of clusters is negative -2.002396085035859e-24
WARNING: density of clusters is negative -1.2935789849190858e-40
WARNING: density of clusters is negative -2.0165308949880098e-24
WARNING: density of clusters is negative -5.086896813337688e-16
WARNING: density of clusters is negative -4.376844906242976e-43
WARNING: density of clusters is negative -5.118146320417338e-29
WARNING: density of clusters is negative -2.177864094562205e-39
WARNING: density of clusters is negative -1.0099028068919768e-20
WARNING: density of clusters is negative -1.0954652261721019e-26
WARNING: density of clusters is negative -1.429107793170892e-38
WARNING: density of clusters is negative -1.3849018186990627e-29
WARNING: density of clusters is negative -2.643555251766104e-37
WARNING: density of clusters is negative -1.3314655332312553e-24
WARNING: density of clusters is negative -2.5638381982467425e-23
WARNING: density of clusters is negative -3.110367933237765e-22
WARNING: density of clusters is negative -7.493385841058271e-19
WARNING: density of clusters is negative -1.6275420972511645e-22
WARNING: density of clusters is negative -2.3507350500423957e-18
WARNING: density of clusters is negative -1.16291313653997e-16
WARNING: density of clusters is negative -6.022461532068182e-20
WARNING: density of clusters is negative -4.439801434240167e-22
WARNING: density of clusters is negative -4.269642380347767e-34
WARNING: density of clusters is negative -6.923608071556654e-23
WARNING: density of clusters is negative -2.292353301712311e-14
WARNING: density of clusters is negative -1.4920150670982024e-20
WARNING: density of clusters is negative -2.7389363849095424e-29
WARNING: density of clusters is negative -1.0041135766179833e-17
WARNING: density of clusters is negative -1.0664303603728396e-27
WARNING: density of clusters is negative -2.5184483317211905e-42
WARNING: density of clusters is negative -3.903614726812001e-22
WARNING: density of clusters is negative -5.441154640275282e-39
WARNING: density of clusters is negative -1.2285518371196124e-33
WARNING: density of clusters is negative -7.053743293635928e-21
WARNING: density of clusters is negative -1.5141906821347663e-26
WARNING: density of clusters is negative -1.1130306164369006e-12
WARNING: density of clusters is negative -6.561704395771061e-51
WARNING: density of clusters is negative -3.8248806359015934e-19
WARNING: density of clusters is negative -1.2173303948986185e-44
WARNING: density of clusters is negative -2.1487063676444146e-45
WARNING: density of clusters is negative -1.0110549225183181e-29
WARNING: density of clusters is negative -2.6790683967840553e-30
WARNING: density of clusters is negative -5.861512986761335e-14
WARNING: density of clusters is negative -2.9062836274438747e-27
WARNING: density of clusters is negative -3.432153857637887e-26
WARNING: density of clusters is negative -4.0049203571680296e-22
WARNING: density of clusters is negative -7.749915875888633e-30
WARNING: density of clusters is negative -5.950157057878939e-19
WARNING: density of clusters is negative -5.596365454352316e-12
WARNING: density of clusters is negative -1.79573300828654e-18
WARNING: density of clusters is negative -6.844318200584556e-36
WARNING: density of clusters is negative -3.550365768675866e-33
WARNING: density of clusters is negative -8.431767781927777e-35
WARNING: density of clusters is negative -1.0355041461098662e-23
WARNING: density of clusters is negative -1.590245475821184e-23
WARNING: density of clusters is negative -5.4941985853603205e-14
WARNING: density of clusters is negative -5.385240706566815e-38
WARNING: density of clusters is negative -6.0559106588257865e-28
WARNING: density of clusters is negative -4.6612038206357353e-38
WARNING: density of clusters is negative -5.639916248144541e-28
WARNING: density of clusters is negative -1.0332551783013195e-33
WARNING: density of clusters is negative -5.2163996929959665e-55
WARNING: density of clusters is negative -1.6360114804743906e-38
WARNING: density of clusters is negative -3.406111851214515e-44
WARNING: density of clusters is negative -1.4701721109338368e-23
WARNING: density of clusters is negative -7.055695883293163e-22
WARNING: density of clusters is negative -1.7016289754638114e-31
WARNING: density of clusters is negative -2.0741018074385575e-26
WARNING: density of clusters is negative -1.3186870045333696e-27
WARNING: density of clusters is negative -1.1928774855802173e-17
WARNING: density of clusters is negative -5.165019180695771e-45
WARNING: density of clusters is negative -2.196227297532812e-28
WARNING: density of clusters is negative -4.2278776413139e-19
WARNING: density of clusters is negative -1.1917784853852068e-27
WARNING: density of clusters is negative -4.337440741662178e-22
WARNING: density of clusters is negative -3.8131510638957476e-48
WARNING: density of clusters is negative -1.2500184985323353e-42
WARNING: density of clusters is negative -3.872725839319617e-34
WARNING: density of clusters is negative -5.124548364958773e-18
WARNING: density of clusters is negative -1.6179474916099869e-15
WARNING: density of clusters is negative -9.104545161264398e-38
WARNING: density of clusters is negative -1.5834485027935094e-35
WARNING: density of clusters is negative -1.0500857786622451e-20
WARNING: density of clusters is negative -2.2235800356644536e-33
WARNING: density of clusters is negative -4.8215443121283624e-34
WARNING: density of clusters is negative -2.900982822293469e-31
WARNING: density of clusters is negative -1.3209464459504121e-21
WARNING: density of clusters is negative -1.3288040416453144e-16
WARNING: density of clusters is negative -1.2833900269198916e-34
WARNING: density of clusters is negative -1.966487680377711e-34
WARNING: density of clusters is negative -2.2372329875293625e-24
WARNING: density of clusters is negative -1.5362514382627003e-10
WARNING: density of clusters is negative -6.697988600713001e-29
WARNING: density of clusters is negative -4.817012392834615e-25
WARNING: density of clusters is negative -4.376802628333388e-27
WARNING: density of clusters is negative -7.05135659513728e-41
WARNING: density of clusters is negative -8.650723926925482e-33
WARNING: density of clusters is negative -1.9178489148780644e-14
WARNING: density of clusters is negative -1.61187737760899e-19
WARNING: density of clusters is negative -1.1665433306206058e-37
WARNING: density of clusters is negative -2.0904077093645852e-30
WARNING: density of clusters is negative -2.4887872019025927e-39
WARNING: density of clusters is negative -3.9370692000133974e-16
WARNING: density of clusters is negative -1.112354968008921e-32
WARNING: density of clusters is negative -1.3778057589266991e-22
WARNING: density of clusters is negative -2.3430517156863075e-28
WARNING: density of clusters is negative -1.4052364920365204e-12
WARNING: density of clusters is negative -4.813516668344325e-25
WARNING: density of clusters is negative -1.0885652770686512e-28
WARNING: density of clusters is negative -1.9659565817276119e-16
WARNING: density of clusters is negative -2.602241671133583e-55
WARNING: density of clusters is negative -1.4101006705985668e-44
WARNING: density of clusters is negative -6.208616711180916e-32
WARNING: density of clusters is negative -4.497795167520295e-43
WARNING: density of clusters is negative -4.2661267014666705e-44
WARNING: density of clusters is negative -5.637511465964572e-25
WARNING: density of clusters is negative -5.300804580604044e-16
WARNING: density of clusters is negative -7.656552909576798e-31
WARNING: density of clusters is negative -1.1290547744088415e-18
WARNING: density of clusters is negative -2.2217834324419606e-26
WARNING: density of clusters is negative -7.012787218814907e-30
WARNING: density of clusters is negative -4.314006714314149e-45
WARNING: density of clusters is negative -1.9548222271750665e-20
WARNING: density of clusters is negative -1.2687370222429223e-31
WARNING: density of clusters is negative -7.54436692280319e-28
WARNING: density of clusters is negative -1.0872420072691465e-72
WARNING: density of clusters is negative -2.595400996376523e-31
WARNING: density of clusters is negative -1.5266641684991746e-31
WARNING: density of clusters is negative -3.1171100140065305e-10
WARNING: density of clusters is negative -1.8202933802436893e-30
WARNING: density of clusters is negative -6.35415341520373e-30
WARNING: density of clusters is negative -2.966594510538777e-22
WARNING: density of clusters is negative -4.784744185055447e-22
WARNING: density of clusters is negative -7.276336467524316e-32
WARNING: density of clusters is negative -7.179425164552196e-23
WARNING: density of clusters is negative -3.442573794073809e-25
WARNING: density of clusters is negative -1.860366859148648e-33
WARNING: density of clusters is negative -4.463910061865323e-41
WARNING: density of clusters is negative -1.0351054537717755e-30
WARNING: density of clusters is negative -2.540860121376125e-32
WARNING: density of clusters is negative -3.670081371066928e-39
WARNING: density of clusters is negative -3.850225992392219e-27
WARNING: density of clusters is negative -4.4369838010859785e-29
WARNING: density of clusters is negative -1.5711918489301175e-20
WARNING: density of clusters is negative -6.575934571264727e-23
WARNING: density of clusters is negative -2.495702758832672e-44
WARNING: density of clusters is negative -6.532297103488988e-36
WARNING: density of clusters is negative -5.300285735905287e-33
WARNING: density of clusters is negative -1.2293741228623455e-27
WARNING: density of clusters is negative -4.8893837629549336e-18
WARNING: density of clusters is negative -2.976604346837995e-29
WARNING: density of clusters is negative -1.8389832937250023e-20
WARNING: density of clusters is negative -3.0865118667784384e-38
WARNING: density of clusters is negative -5.830133564585752e-41
WARNING: density of clusters is negative -8.998361002401121e-39
WARNING: density of clusters is negative -6.615674711142004e-44
WARNING: density of clusters is negative -4.673488806015259e-19
WARNING: density of clusters is negative -6.372547895883791e-18
WARNING: density of clusters is negative -7.989303610387935e-18
WARNING: density of clusters is negative -3.7003486605166606e-31
WARNING: density of clusters is negative -1.6164235837573635e-19
WARNING: density of clusters is negative -2.6535705175085177e-34
WARNING: density of clusters is negative -9.686838604226414e-47
WARNING: density of clusters is negative -2.5235726620481256e-19
WARNING: density of clusters is negative -1.2676982383979667e-13
WARNING: density of clusters is negative -4.252273836809531e-30
WARNING: density of clusters is negative -4.957611612025862e-21
WARNING: density of clusters is negative -3.912971044878098e-37
WARNING: density of clusters is negative -4.9961678268489415e-42
WARNING: density of clusters is negative -2.94992971403024e-28
WARNING: density of clusters is negative -4.71757102809134e-31
WARNING: density of clusters is negative -7.195885759730303e-29
WARNING: density of clusters is negative -4.232577919945247e-37
WARNING: density of clusters is negative -2.767352162424083e-38
WARNING: density of clusters is negative -9.92161973696826e-43
WARNING: density of clusters is negative -4.95721711335511e-32
WARNING: density of clusters is negative -1.1700573600506467e-46
WARNING: density of clusters is negative -2.3225585766478854e-17
WARNING: density of clusters is negative -8.494417492343862e-37
WARNING: density of clusters is negative -6.29059260928577e-31
WARNING: density of clusters is negative -6.55625684988958e-29
WARNING: density of clusters is negative -4.266481863932785e-34
WARNING: density of clusters is negative -1.1176344607342565e-32
WARNING: density of clusters is negative -8.257059914674576e-47
WARNING: density of clusters is negative -7.0079026534678505e-40
WARNING: density of clusters is negative -7.151714793826975e-20
WARNING: density of clusters is negative -2.8522108917065633e-12
WARNING: density of clusters is negative -4.3005302572362505e-21
WARNING: density of clusters is negative -2.103137404328684e-25
WARNING: density of clusters is negative -2.6080691161750213e-40
WARNING: density of clusters is negative -1.1418270300953894e-27
WARNING: density of clusters is negative -6.271708021136673e-29
WARNING: density of clusters is negative -1.9243787639673026e-23
WARNING: density of clusters is negative -5.928257468168975e-23
WARNING: density of clusters is negative -1.6628097580165627e-23
WARNING: density of clusters is negative -1.2764871961035113e-16
WARNING: density of clusters is negative -7.518461373355169e-28
WARNING: density of clusters is negative -3.3174262473933077e-28
WARNING: density of clusters is negative -1.8106347401053712e-29
WARNING: density of clusters is negative -7.097794711151535e-42
WARNING: density of clusters is negative -4.00205347994895e-31
WARNING: density of clusters is negative -2.868293174927221e-32
WARNING: density of clusters is negative -1.6468429934049857e-31
WARNING: density of clusters is negative -1.539292742708849e-26
WARNING: density of clusters is negative -1.9948232951423793e-21
WARNING: density of clusters is negative -4.416224474105694e-32
WARNING: density of clusters is negative -3.47954261038901e-25
WARNING: density of clusters is negative -2.677033906246665e-15
WARNING: density of clusters is negative -9.039581876046816e-15
WARNING: density of clusters is negative -1.4689692556860104e-33
WARNING: density of clusters is negative -7.111042562614104e-49
WARNING: density of clusters is negative -6.002744127661713e-23
WARNING: density of clusters is negative -1.9954489639284718e-46
WARNING: density of clusters is negative -5.037559902874176e-41
WARNING: density of clusters is negative -2.0248320479497556e-46
WARNING: density of clusters is negative -1.2582387097281282e-38
WARNING: density of clusters is negative -2.008764082242829e-54
WARNING: density of clusters is negative -4.4958658418363746e-48
WARNING: density of clusters is negative -3.1527837894966905e-34
WARNING: density of clusters is negative -1.9416459091791144e-29
WARNING: density of clusters is negative -9.601414393821973e-37
WARNING: density of clusters is negative -1.38302719280655e-23
WARNING: density of clusters is negative -6.852867219776431e-29
WARNING: density of clusters is negative -3.42094434237385e-36
WARNING: density of clusters is negative -2.2891056662154303e-26
WARNING: density of clusters is negative -7.241938862960562e-26
WARNING: density of clusters is negative -5.808775283263874e-19
WARNING: density of clusters is negative -1.2530979763229695e-35
WARNING: density of clusters is negative -8.763472510176442e-23
WARNING: density of clusters is negative -1.1472150181629057e-26
WARNING: density of clusters is negative -1.7191059244469766e-36
WARNING: density of clusters is negative -1.6537561531090743e-17
WARNING: density of clusters is negative -9.970540398767712e-17
WARNING: density of clusters is negative -4.460297696745214e-70
WARNING: density of clusters is negative -1.484388313805669e-19
WARNING: density of clusters is negative -3.657504809515623e-28
WARNING: density of clusters is negative -3.824228403522542e-24
WARNING: density of clusters is negative -3.659610440151435e-33
WARNING: density of clusters is negative -2.584293880125414e-44
WARNING: density of clusters is negative -4.173864189655255e-34
WARNING: density of clusters is negative -7.19662032148525e-37
WARNING: density of clusters is negative -6.67709710863517e-24
WARNING: density of clusters is negative -6.279483542043495e-47
WARNING: density of clusters is negative -7.3797823937219e-22
WARNING: density of clusters is negative -1.3306494557876882e-47
WARNING: density of clusters is negative -4.2007178293068617e-41
WARNING: density of clusters is negative -1.9644525418143346e-22
WARNING: density of clusters is negative -1.3135113009805244e-35
WARNING: density of clusters is negative -6.940656782281596e-43
WARNING: density of clusters is negative -1.0232055056807698e-28
WARNING: density of clusters is negative -1.2107767751831115e-48
WARNING: density of clusters is negative -1.0560891064571335e-27
WARNING: density of clusters is negative -5.444262339954589e-28
WARNING: density of clusters is negative -5.470703949546404e-39
WARNING: density of clusters is negative -1.3607754362545847e-27
WARNING: density of clusters is negative -8.835653832094444e-29
WARNING: density of clusters is negative -8.063613371306013e-42
WARNING: density of clusters is negative -1.3480916904295851e-31
WARNING: density of clusters is negative -9.527651240820846e-40
WARNING: density of clusters is negative -3.6728187697529246e-24
WARNING: density of clusters is negative -1.8755694669003342e-12
WARNING: density of clusters is negative -1.6906347296243362e-17
WARNING: density of clusters is negative -1.9554712820657223e-20
WARNING: density of clusters is negative -1.799506306762342e-28
WARNING: density of clusters is negative -3.334155011378763e-30
WARNING: density of clusters is negative -7.202732940630027e-16
WARNING: density of clusters is negative -2.3757789832704708e-26
WARNING: density of clusters is negative -1.3122894672642019e-23
WARNING: density of clusters is negative -5.8235520546238556e-30
WARNING: density of clusters is negative -1.1268422864547089e-26
WARNING: density of clusters is negative -4.772095088570779e-18
WARNING: density of clusters is negative -4.0147055064399896e-18
WARNING: density of clusters is negative -6.6310608361210225e-31
WARNING: density of clusters is negative -5.452773448550093e-12
WARNING: density of clusters is negative -3.059487008520953e-61
WARNING: density of clusters is negative -4.898503790910532e-36
WARNING: density of clusters is negative -2.224677230249992e-31
WARNING: density of clusters is negative -2.9492186760579897e-35
WARNING: density of clusters is negative -1.3921683724643996e-22
WARNING: density of clusters is negative -2.1578903174583456e-37
WARNING: density of clusters is negative -4.8003588495160524e-32
WARNING: density of clusters is negative -8.66258271228279e-37
WARNING: density of clusters is negative -4.8690597661787715e-47
WARNING: density of clusters is negative -3.0797437998962227e-43
WARNING: density of clusters is negative -1.314317878463224e-27
WARNING: density of clusters is negative -2.389460260488032e-25
WARNING: density of clusters is negative -3.0268642267681086e-41
WARNING: density of clusters is negative -3.40207197905685e-19
WARNING: density of clusters is negative -8.215539339595275e-19
WARNING: density of clusters is negative -2.8718131550621514e-15
WARNING: density of clusters is negative -3.0950961372265877e-16
WARNING: density of clusters is negative -7.657337381998956e-42
WARNING: density of clusters is negative -2.0420316829629367e-16
WARNING: density of clusters is negative -1.0729414503809736e-37
WARNING: density of clusters is negative -1.1415424717130197e-29
WARNING: density of clusters is negative -5.915159412153027e-14
WARNING: density of clusters is negative -1.808888749499588e-19
WARNING: density of clusters is negative -1.1545801721013162e-29
WARNING: density of clusters is negative -7.683962547409113e-23
WARNING: density of clusters is negative -5.139968446440291e-37
WARNING: density of clusters is negative -2.4336866086712537e-43
WARNING: density of clusters is negative -3.630451846575988e-35
WARNING: density of clusters is negative -4.7054250895407347e-23
WARNING: density of clusters is negative -1.1670587334710411e-23
WARNING: density of clusters is negative -3.8413430767795676e-22
WARNING: density of clusters is negative -2.075418697230954e-12
WARNING: density of clusters is negative -2.364139313761818e-25
WARNING: density of clusters is negative -9.324778477828246e-17
WARNING: density of clusters is negative -5.186203499012291e-12
WARNING: density of clusters is negative -9.687272245391637e-29
WARNING: density of clusters is negative -2.5931207206344123e-19
WARNING: density of clusters is negative -1.3432711338212989e-39
WARNING: density of clusters is negative -1.1504840273302845e-33
WARNING: density of clusters is negative -8.631201264634205e-21
WARNING: density of clusters is negative -2.6005093328122377e-21
WARNING: density of clusters is negative -7.26441504794578e-15
WARNING: density of clusters is negative -3.1138693830127935e-15
WARNING: density of clusters is negative -5.1169079513177875e-45
WARNING: density of clusters is negative -2.5219122873671346e-24
WARNING: density of clusters is negative -7.545979552363637e-20
WARNING: density of clusters is negative -1.0875346091366034e-21
WARNING: density of clusters is negative -2.0886970809365862e-19
WARNING: density of clusters is negative -1.2736285590949649e-52
WARNING: density of clusters is negative -4.9140346639348166e-58
WARNING: density of clusters is negative -3.285929230776552e-18
WARNING: density of clusters is negative -2.8238643213025367e-44
WARNING: density of clusters is negative -2.087792613016363e-16
WARNING: density of clusters is negative -7.48906457036183e-36
WARNING: density of clusters is negative -1.4741593022935134e-43
WARNING: density of clusters is negative -1.7357525843311315e-15
WARNING: density of clusters is negative -4.425184096525307e-13
WARNING: density of clusters is negative -2.059319216324777e-31
WARNING: density of clusters is negative -3.3443114632404905e-23
WARNING: density of clusters is negative -6.602804357953855e-14
WARNING: density of clusters is negative -3.9297644647993454e-48
WARNING: density of clusters is negative -3.357843123425084e-19
WARNING: density of clusters is negative -1.1162270693095128e-23
WARNING: density of clusters is negative -2.292422253042018e-18
WARNING: density of clusters is negative -1.5709078012586308e-28
WARNING: density of clusters is negative -6.45282411654265e-28
WARNING: density of clusters is negative -8.793059689988818e-27
WARNING: density of clusters is negative -6.256602428814383e-34
WARNING: density of clusters is negative -2.2176163152225997e-47
WARNING: density of clusters is negative -6.270947313714201e-14
WARNING: density of clusters is negative -7.849986961752437e-17
WARNING: density of clusters is negative -1.403611558414992e-25
WARNING: density of clusters is negative -7.715049574048467e-28
WARNING: density of clusters is negative -3.5584889635280525e-39
WARNING: density of clusters is negative -5.186713435441783e-29
WARNING: density of clusters is negative -7.141464398998446e-59
WARNING: density of clusters is negative -2.737979551171173e-26
WARNING: density of clusters is negative -6.402887717896754e-38
WARNING: density of clusters is negative -2.0558940501686806e-12
WARNING: density of clusters is negative -4.575377286127692e-20
WARNING: density of clusters is negative -2.315488847644115e-31
WARNING: density of clusters is negative -3.6020647325690877e-29
WARNING: density of clusters is negative -7.221232543444249e-24
WARNING: density of clusters is negative -1.7275318155517758e-13
WARNING: density of clusters is negative -1.9349130961319516e-56
WARNING: density of clusters is negative -3.5465830215971106e-49
WARNING: density of clusters is negative -7.016703590409046e-33
WARNING: density of clusters is negative -6.327632357845416e-48
WARNING: density of clusters is negative -6.1700418721222906e-61
WARNING: density of clusters is negative -4.9905300633879445e-17
WARNING: density of clusters is negative -7.45710124673626e-18
WARNING: density of clusters is negative -1.757716105502239e-27
WARNING: density of clusters is negative -1.8792391960057635e-53
WARNING: density of clusters is negative -5.186206031641632e-47
WARNING: density of clusters is negative -9.181016651724356e-33
WARNING: density of clusters is negative -6.006946767999025e-16
WARNING: density of clusters is negative -1.2383107270458612e-24
WARNING: density of clusters is negative -3.8096636469419566e-18
WARNING: density of clusters is negative -8.659316900822958e-47
WARNING: density of clusters is negative -1.9614802229353239e-31
WARNING: density of clusters is negative -3.3093640179556895e-22
WARNING: density of clusters is negative -1.7770420733501636e-45
WARNING: density of clusters is negative -3.5810775525462535e-32
WARNING: density of clusters is negative -1.2943471861631254e-33
WARNING: density of clusters is negative -3.615225978239875e-39
WARNING: density of clusters is negative -7.707751193035058e-42
WARNING: density of clusters is negative -2.701184301949132e-46
WARNING: density of clusters is negative -1.4303902820758041e-39
WARNING: density of clusters is negative -8.34844217121009e-49
WARNING: density of clusters is negative -1.4696161251023561e-27
WARNING: density of clusters is negative -1.715552143946616e-24
WARNING: density of clusters is negative -9.582033840451625e-41
WARNING: density of clusters is negative -1.928700430390133e-30
WARNING: density of clusters is negative -1.6914433379475314e-18
WARNING: density of clusters is negative -2.1438099631187046e-57
WARNING: density of clusters is negative -6.268550765792014e-35
WARNING: density of clusters is negative -8.711965577046755e-25
WARNING: density of clusters is negative -1.4912816975030758e-17
WARNING: density of clusters is negative -2.3929186570011247e-17
WARNING: density of clusters is negative -5.392464097132947e-54
WARNING: density of clusters is negative -5.636337072073883e-32
WARNING: density of clusters is negative -1.7870869576646512e-13
WARNING: density of clusters is negative -4.202847344184934e-29
WARNING: density of clusters is negative -1.098282193616285e-53
WARNING: density of clusters is negative -4.6942228209175855e-31
WARNING: density of clusters is negative -6.0326360328714874e-43
WARNING: density of clusters is negative -1.1166362827291537e-30
WARNING: density of clusters is negative -2.7114389336342934e-29
WARNING: density of clusters is negative -1.9120145499508443e-19
WARNING: density of clusters is negative -7.05084479066653e-33
WARNING: density of clusters is negative -2.8101719491967517e-31
WARNING: density of clusters is negative -1.4474381767621548e-29
WARNING: density of clusters is negative -6.297699152283063e-20
WARNING: density of clusters is negative -9.120494079931165e-15
WARNING: density of clusters is negative -3.1931121934001815e-43
WARNING: density of clusters is negative -1.4436545497592703e-37
WARNING: density of clusters is negative -1.5170432505390742e-27
WARNING: density of clusters is negative -1.5970647217717653e-28
WARNING: density of clusters is negative -1.0803992131589819e-27
WARNING: density of clusters is negative -4.72050696688968e-43
WARNING: density of clusters is negative -9.619958343047498e-21
WARNING: density of clusters is negative -9.938745818941279e-21
WARNING: density of clusters is negative -8.609576277854734e-18
WARNING: density of clusters is negative -1.4349848565691767e-30
WARNING: density of clusters is negative -2.831036434047125e-32
WARNING: density of clusters is negative -3.79660438941563e-36
WARNING: density of clusters is negative -1.0769191668332908e-28
WARNING: density of clusters is negative -8.538183133176542e-23
WARNING: density of clusters is negative -2.7908829468810145e-17
WARNING: density of clusters is negative -8.00485045625252e-33
WARNING: density of clusters is negative -2.8264448493620825e-27
WARNING: density of clusters is negative -7.32907902789218e-26
WARNING: density of clusters is negative -1.4584728067892829e-26
WARNING: density of clusters is negative -7.227914526612344e-16
WARNING: density of clusters is negative -9.82504933883527e-28
WARNING: density of clusters is negative -6.635723314079268e-56
WARNING: density of clusters is negative -4.276499581845468e-50
WARNING: density of clusters is negative -1.9498209749596688e-31
WARNING: density of clusters is negative -7.363794338562405e-40
WARNING: density of clusters is negative -6.941044806265887e-16
WARNING: density of clusters is negative -8.522916722190984e-42
WARNING: density of clusters is negative -5.9583833416831754e-24
WARNING: density of clusters is negative -1.4667828978600238e-53
WARNING: density of clusters is negative -5.655369686523632e-45
WARNING: density of clusters is negative -1.593621797735717e-34
WARNING: density of clusters is negative -6.950812575962412e-35
WARNING: density of clusters is negative -5.523923175706013e-20
WARNING: density of clusters is negative -1.2031087520992741e-41
WARNING: density of clusters is negative -1.258960459116145e-31
WARNING: density of clusters is negative -2.6049656897306064e-24
WARNING: density of clusters is negative -8.437828170693202e-17
WARNING: density of clusters is negative -6.322791448634299e-35
WARNING: density of clusters is negative -1.5596672042862838e-24
WARNING: density of clusters is negative -5.1700908717430914e-30
WARNING: density of clusters is negative -1.4628155888238951e-25
WARNING: density of clusters is negative -1.3978498170315238e-24
WARNING: density of clusters is negative -9.314904718867728e-24
WARNING: density of clusters is negative -5.915076551399799e-39
WARNING: density of clusters is negative -2.1251714767823374e-49
WARNING: density of clusters is negative -6.621655770443985e-42
WARNING: density of clusters is negative -3.78370394043784e-44
WARNING: density of clusters is negative -2.771864798590309e-40
WARNING: density of clusters is negative -3.4742233489947134e-31
WARNING: density of clusters is negative -3.0058684041397513e-12
WARNING: density of clusters is negative -1.6630953876609198e-24
WARNING: density of clusters is negative -7.993876680887834e-35
WARNING: density of clusters is negative -1.3306060811176142e-22
WARNING: density of clusters is negative -2.0873662529621833e-26
WARNING: density of clusters is negative -8.846546516467661e-32
WARNING: density of clusters is negative -1.6537689319750413e-31
WARNING: density of clusters is negative -2.695419630172681e-22
WARNING: density of clusters is negative -2.4472728358221257e-16
WARNING: density of clusters is negative -2.758656074786424e-26
WARNING: density of clusters is negative -1.889417579497894e-40
WARNING: density of clusters is negative -3.757153232732603e-41
WARNING: density of clusters is negative -1.6158985749262524e-19
WARNING: density of clusters is negative -2.4754207600525812e-20
WARNING: density of clusters is negative -6.206871102421082e-46
WARNING: density of clusters is negative -2.0189865161891342e-35
WARNING: density of clusters is negative -2.5487203951156185e-35
WARNING: density of clusters is negative -3.717982450913296e-32
WARNING: density of clusters is negative -1.3727244935007458e-34
WARNING: density of clusters is negative -1.5111350404043433e-29
WARNING: density of clusters is negative -1.5813215943245966e-42
WARNING: density of clusters is negative -5.3345678191684174e-39
WARNING: density of clusters is negative -8.796145600286436e-27
WARNING: density of clusters is negative -2.353015753881574e-39
WARNING: density of clusters is negative -4.244479668384345e-18
WARNING: density of clusters is negative -4.2278946639539005e-23
WARNING: density of clusters is negative -1.902942295742895e-24
WARNING: density of clusters is negative -1.2746520510728633e-34
WARNING: density of clusters is negative -9.230194458201542e-39
WARNING: density of clusters is negative -4.3164034187972475e-52
WARNING: density of clusters is negative -2.814819363049373e-45
WARNING: density of clusters is negative -1.0316424161812986e-28
WARNING: density of clusters is negative -6.323991570192166e-51
WARNING: density of clusters is negative -3.1013387971352785e-46
WARNING: density of clusters is negative -2.509832028751395e-15
WARNING: density of clusters is negative -1.0145467606819535e-27
WARNING: density of clusters is negative -1.5294295232091497e-40
WARNING: density of clusters is negative -4.0229941943795426e-44
WARNING: density of clusters is negative -2.068139205507279e-22
WARNING: density of clusters is negative -3.1572570681872946e-12
WARNING: density of clusters is negative -9.607873486599457e-23
WARNING: density of clusters is negative -7.282277566147818e-31
WARNING: density of clusters is negative -2.5057521101623917e-23
WARNING: density of clusters is negative -3.5373207066717726e-30
WARNING: density of clusters is negative -1.5491876108655746e-33
WARNING: density of clusters is negative -9.042073001077465e-20
WARNING: density of clusters is negative -5.665666676812961e-31
WARNING: density of clusters is negative -1.2060945673603805e-30
WARNING: density of clusters is negative -2.7551427045869547e-32
WARNING: density of clusters is negative -2.7523976028500823e-19
WARNING: density of clusters is negative -5.345650635789195e-53
WARNING: density of clusters is negative -6.284621801492475e-54
WARNING: density of clusters is negative -1.3195095330380853e-45
WARNING: density of clusters is negative -1.0503496496691293e-25
WARNING: density of clusters is negative -1.1607190138035708e-37
WARNING: density of clusters is negative -9.29820939853754e-44
WARNING: density of clusters is negative -4.629803690972066e-37
WARNING: density of clusters is negative -2.724857602925973e-49
WARNING: density of clusters is negative -1.0469915061359266e-28
WARNING: density of clusters is negative -1.4724737210919557e-17
WARNING: density of clusters is negative -6.847892336219563e-20
WARNING: density of clusters is negative -1.7342295820208048e-20
WARNING: density of clusters is negative -7.004443895360556e-16
WARNING: density of clusters is negative -3.609105311434974e-12
WARNING: density of clusters is negative -5.083127345334172e-15
WARNING: density of clusters is negative -3.0462120281661494e-23
WARNING: density of clusters is negative -5.969503113853907e-18
WARNING: density of clusters is negative -1.1889564910472743e-11
WARNING: density of clusters is negative -6.850340213414431e-18
WARNING: density of clusters is negative -1.3478566204765666e-12
WARNING: density of clusters is negative -1.411337060050688e-19
WARNING: density of clusters is negative -3.2841666958205622e-18
WARNING: density of clusters is negative -4.0679682603451065e-24
WARNING: density of clusters is negative -1.430481061326965e-19
WARNING: density of clusters is negative -1.2225028322069344e-17
WARNING: density of clusters is negative -4.764263357273437e-38
WARNING: density of clusters is negative -2.910493719451154e-23
WARNING: density of clusters is negative -2.7547618745862975e-34
WARNING: density of clusters is negative -1.0976675027276556e-22
WARNING: density of clusters is negative -7.34952796702124e-43
WARNING: density of clusters is negative -1.3618494068032945e-34
WARNING: density of clusters is negative -5.0002561278761086e-23
WARNING: density of clusters is negative -3.73409799069912e-27
WARNING: density of clusters is negative -1.3886332632015694e-22
WARNING: density of clusters is negative -3.078702237529162e-40
WARNING: density of clusters is negative -2.2458459326142954e-14
WARNING: density of clusters is negative -9.704780681483343e-28
WARNING: density of clusters is negative -2.542963534159641e-39
WARNING: density of clusters is negative -2.3467457660096176e-42
WARNING: density of clusters is negative -8.370459035001248e-37
WARNING: density of clusters is negative -1.1508225630456033e-46
WARNING: density of clusters is negative -2.7272894210664064e-36
WARNING: density of clusters is negative -5.982724115033764e-39
WARNING: density of clusters is negative -1.9241771936713517e-40
WARNING: density of clusters is negative -1.4381894402123207e-23
WARNING: density of clusters is negative -6.656049335063602e-33
WARNING: density of clusters is negative -2.7898547990473716e-16
WARNING: density of clusters is negative -1.8268061170495546e-23
WARNING: density of clusters is negative -4.479379078268983e-19
WARNING: density of clusters is negative -5.023928161015904e-21
WARNING: density of clusters is negative -1.9332372769569425e-22
WARNING: density of clusters is negative -9.947606214431284e-21
WARNING: density of clusters is negative -3.0270138742427245e-24
WARNING: density of clusters is negative -9.442492682755474e-33
WARNING: density of clusters is negative -9.557922597735185e-26
WARNING: density of clusters is negative -1.9290701854205755e-35
WARNING: density of clusters is negative -5.770829445821902e-12
WARNING: density of clusters is negative -4.1698119913084203e-35
WARNING: density of clusters is negative -2.783760500085005e-22
WARNING: density of clusters is negative -5.5184003229853e-38
WARNING: density of clusters is negative -7.586630959815416e-26
WARNING: density of clusters is negative -1.1408132618334038e-42
WARNING: density of clusters is negative -4.537167700081083e-12
WARNING: density of clusters is negative -1.6171010676611203e-27
WARNING: density of clusters is negative -2.238906583650296e-14
WARNING: density of clusters is negative -2.4758848443436066e-17
WARNING: density of clusters is negative -1.1523571779147724e-18
WARNING: density of clusters is negative -5.181655309018761e-23
WARNING: density of clusters is negative -1.620265841443105e-17
WARNING: density of clusters is negative -4.522324526589822e-39
WARNING: density of clusters is negative -3.131313185855655e-29
WARNING: density of clusters is negative -1.5399720468186607e-49
WARNING: density of clusters is negative -1.5621474067803266e-25
WARNING: density of clusters is negative -5.327622783093686e-38
WARNING: density of clusters is negative -1.2226329995866404e-12
WARNING: density of clusters is negative -4.854374497648911e-21
WARNING: density of clusters is negative -3.2207420520492403e-16
WARNING: density of clusters is negative -7.117607187286628e-12
WARNING: density of clusters is negative -9.69281692270573e-12
WARNING: density of clusters is negative -2.7102696262292384e-13
WARNING: density of clusters is negative -3.277042351375219e-11
WARNING: density of clusters is negative -1.081695509536789e-13
WARNING: density of clusters is negative -4.785687979356375e-17
WARNING: density of clusters is negative -3.488373568976939e-11
WARNING: density of clusters is negative -2.5933000461204123e-20
WARNING: density of clusters is negative -6.229526205041102e-17
WARNING: density of clusters is negative -1.1123073488254668e-12
WARNING: density of clusters is negative -1.9377702538233967e-12
WARNING: density of clusters is negative -8.061143559628022e-43
WARNING: density of clusters is negative -9.461201699499356e-17
WARNING: density of clusters is negative -9.134084367829694e-36
WARNING: density of clusters is negative -1.242756076804304e-32
WARNING: density of clusters is negative -1.7403974759211966e-66
WARNING: density of clusters is negative -1.9563934085584947e-49
WARNING: density of clusters is negative -5.517099800825209e-33
WARNING: density of clusters is negative -6.053128901077588e-22
WARNING: density of clusters is negative -9.73259095629672e-21
WARNING: density of clusters is negative -4.2432094882543015e-24
WARNING: density of clusters is negative -2.955336668422815e-32
WARNING: density of clusters is negative -8.854256690669327e-37
WARNING: density of clusters is negative -2.6935089117621123e-18
WARNING: density of clusters is negative -6.8450029534773e-22
WARNING: density of clusters is negative -2.9549171549277605e-20
WARNING: density of clusters is negative -5.702882197007315e-29
WARNING: density of clusters is negative -6.349265697602025e-26
WARNING: density of clusters is negative -2.0680250648670555e-30
WARNING: density of clusters is negative -3.0616528025770295e-30
WARNING: density of clusters is negative -1.5205975047787484e-40
WARNING: density of clusters is negative -6.172572267570249e-32
WARNING: density of clusters is negative -2.423711383255776e-47
WARNING: density of clusters is negative -9.393420439086026e-44
WARNING: density of clusters is negative -2.029452953782388e-22
WARNING: density of clusters is negative -4.9674942468345514e-21
WARNING: density of clusters is negative -6.735873694713098e-43
WARNING: density of clusters is negative -6.629587724985367e-41
WARNING: density of clusters is negative -8.320503519926804e-52
WARNING: density of clusters is negative -2.6242973166246284e-28
WARNING: density of clusters is negative -1.344093205242007e-31
WARNING: density of clusters is negative -2.4607310072369765e-33
WARNING: density of clusters is negative -9.950232481866647e-22
WARNING: density of clusters is negative -4.805416516639487e-54
WARNING: density of clusters is negative -9.07720878113064e-42
WARNING: density of clusters is negative -2.1797509504387695e-23
WARNING: density of clusters is negative -1.0935032868761514e-22
WARNING: density of clusters is negative -5.332537820459332e-18
WARNING: density of clusters is negative -5.4827259371695634e-40
WARNING: density of clusters is negative -2.0470071447361067e-31
WARNING: density of clusters is negative -7.013576870102475e-57
WARNING: density of clusters is negative -8.506448642492435e-38
WARNING: density of clusters is negative -5.783069187194363e-41
WARNING: density of clusters is negative -5.044567481522374e-45
WARNING: density of clusters is negative -1.205401336862566e-27
WARNING: density of clusters is negative -6.253230783916703e-42
WARNING: density of clusters is negative -8.9004796962729e-24
WARNING: density of clusters is negative -1.2396143945905043e-14
WARNING: density of clusters is negative -2.323482467872454e-28
WARNING: density of clusters is negative -4.287952434182778e-24
WARNING: density of clusters is negative -1.4430324878463962e-41
WARNING: density of clusters is negative -5.971919369920432e-47
WARNING: density of clusters is negative -2.5653210116165608e-46
WARNING: density of clusters is negative -7.098420747873931e-32
WARNING: density of clusters is negative -1.2408418940438497e-17
WARNING: density of clusters is negative -7.8782062020873305e-25
WARNING: density of clusters is negative -6.297407096703527e-33
WARNING: density of clusters is negative -7.647898417033191e-41
WARNING: density of clusters is negative -2.8961963709966086e-31
WARNING: density of clusters is negative -1.3044840190386994e-24
WARNING: density of clusters is negative -3.6013683464814575e-17
WARNING: density of clusters is negative -1.8329172135593776e-31
WARNING: density of clusters is negative -3.2258980690872845e-45
WARNING: density of clusters is negative -3.286514996903327e-23
WARNING: density of clusters is negative -8.347839263413331e-32
WARNING: density of clusters is negative -3.605652635344016e-42
WARNING: density of clusters is negative -3.047804858366677e-38
WARNING: density of clusters is negative -2.399458497918802e-26
WARNING: density of clusters is negative -1.6454925829976445e-34
WARNING: density of clusters is negative -1.4301172121527883e-25
WARNING: density of clusters is negative -6.133946342803369e-14
WARNING: density of clusters is negative -6.167330332236327e-33
WARNING: density of clusters is negative -1.9703664475509197e-17
WARNING: density of clusters is negative -1.2997822719001768e-36
WARNING: density of clusters is negative -2.0197222016312136e-39
WARNING: density of clusters is negative -3.313205208718729e-33
WARNING: density of clusters is negative -8.652195467996327e-25
WARNING: density of clusters is negative -6.072622443475759e-21
WARNING: density of clusters is negative -7.88555508682083e-43
WARNING: density of clusters is negative -1.6993510349503213e-24
WARNING: density of clusters is negative -3.668569044233563e-18
WARNING: density of clusters is negative -5.02829269659896e-35
WARNING: density of clusters is negative -1.3264042575923485e-23
WARNING: density of clusters is negative -2.1687718788151287e-23
WARNING: density of clusters is negative -4.142196219254751e-21
WARNING: density of clusters is negative -3.7997328911078064e-27
WARNING: density of clusters is negative -5.3497477214288976e-33
WARNING: density of clusters is negative -1.2353001195426959e-23
WARNING: density of clusters is negative -3.106036414890022e-17
WARNING: density of clusters is negative -9.34628171197294e-37
WARNING: density of clusters is negative -1.8454189024140911e-19
WARNING: density of clusters is negative -9.850755276743831e-37
WARNING: density of clusters is negative -2.3977013902573083e-13
WARNING: density of clusters is negative -1.9219256045087573e-19
WARNING: density of clusters is negative -1.1746387604615379e-25
WARNING: density of clusters is negative -6.70970940102962e-11
WARNING: density of clusters is negative -5.624125846202542e-16
WARNING: density of clusters is negative -1.8653719693061408e-17
WARNING: density of clusters is negative -4.8064721859072047e-17
WARNING: density of clusters is negative -2.91777459735148e-22
WARNING: density of clusters is negative -1.0090912407550765e-17
WARNING: density of clusters is negative -1.466245454889238e-22
WARNING: density of clusters is negative -6.767794617430368e-28
WARNING: density of clusters is negative -9.724135617598555e-22
WARNING: density of clusters is negative -4.002538444800824e-20
WARNING: density of clusters is negative -1.4820201403103897e-17
WARNING: density of clusters is negative -4.90139757508811e-13
WARNING: density of clusters is negative -7.016373356617048e-18
WARNING: density of clusters is negative -7.739493483072233e-21
WARNING: density of clusters is negative -4.0089056274630825e-16
WARNING: density of clusters is negative -2.438038315211507e-22
WARNING: density of clusters is negative -9.094905465858115e-17
WARNING: density of clusters is negative -2.213116282334315e-12
WARNING: density of clusters is negative -2.0155190165975223e-13
WARNING: density of clusters is negative -1.1349277422711543e-12
WARNING: density of clusters is negative -3.093590429833767e-11
WARNING: density of clusters is negative -2.5617768479910313e-14
WARNING: density of clusters is negative -9.681629792731667e-13
WARNING: density of clusters is negative -2.1821457790724928e-14
WARNING: density of clusters is negative -2.427527760879969e-46
WARNING: density of clusters is negative -2.1887476839934978e-18
WARNING: density of clusters is negative -4.1842325921760482e-22
WARNING: density of clusters is negative -4.3522110801788285e-13
WARNING: density of clusters is negative -3.5070642437145046e-23
WARNING: density of clusters is negative -1.0039965048911389e-24
WARNING: density of clusters is negative -1.392155001508472e-36
WARNING: density of clusters is negative -1.36025183180988e-32
WARNING: density of clusters is negative -1.3058671270355766e-20
WARNING: density of clusters is negative -5.384000834360655e-10
WARNING: density of clusters is negative -3.8047910076379073e-19
WARNING: density of clusters is negative -1.5720728230382197e-19
WARNING: density of clusters is negative -1.0572724158108306e-22
WARNING: density of clusters is negative -6.5662091902413575e-15
WARNING: density of clusters is negative -3.338122658403939e-14
WARNING: density of clusters is negative -3.2357163476341095e-21
WARNING: density of clusters is negative -1.4246856981460158e-12
WARNING: density of clusters is negative -2.1448382472372026e-22
WARNING: density of clusters is negative -3.259942074492047e-19
WARNING: density of clusters is negative -5.2960925714811305e-15
WARNING: density of clusters is negative -7.179867006439535e-12
WARNING: density of clusters is negative -8.444466033744585e-18
WARNING: density of clusters is negative -8.313091843355641e-22
WARNING: density of clusters is negative -7.841698467586083e-12
WARNING: density of clusters is negative -2.6372410874124172e-11
WARNING: density of clusters is negative -2.7707866916398542e-12
WARNING: density of clusters is negative -1.210782624246682e-12
WARNING: density of clusters is negative -2.787435095577433e-13
WARNING: density of clusters is negative -1.9698902296059937e-13
WARNING: density of clusters is negative -1.0404500202213811e-20
WARNING: density of clusters is negative -9.129511262453296e-17
WARNING: density of clusters is negative -3.1442114169484995e-50
WARNING: density of clusters is negative -3.7278172368914125e-26
WARNING: density of clusters is negative -1.2267468865273927e-15
WARNING: density of clusters is negative -1.885607012732428e-28
WARNING: density of clusters is negative -3.1509526886061545e-13
WARNING: density of clusters is negative -1.3066494932175744e-16
WARNING: density of clusters is negative -4.405320187572219e-17
WARNING: density of clusters is negative -3.982571144713649e-23
WARNING: density of clusters is negative -3.1292214322481647e-12
WARNING: density of clusters is negative -1.70670206201221e-19
WARNING: density of clusters is negative -2.9224357067024283e-15
WARNING: density of clusters is negative -2.891692414240235e-22
WARNING: density of clusters is negative -4.444645589963666e-17
WARNING: density of clusters is negative -4.2751478270489373e-11
WARNING: density of clusters is negative -7.185714822471043e-13
WARNING: density of clusters is negative -5.2356693405789745e-17
WARNING: density of clusters is negative -3.9920308284519005e-21
WARNING: density of clusters is negative -2.441369700661298e-22
WARNING: density of clusters is negative -8.090360783800338e-14
WARNING: density of clusters is negative -2.2277876962036002e-34
WARNING: density of clusters is negative -4.14353051348581e-14
WARNING: density of clusters is negative -7.631680617239035e-39
WARNING: density of clusters is negative -3.746070666517491e-26
WARNING: density of clusters is negative -2.8361072604060876e-19
WARNING: density of clusters is negative -5.107787506074407e-13
WARNING: density of clusters is negative -9.424736857976326e-15
WARNING: density of clusters is negative -1.1024332665828913e-12
WARNING: density of clusters is negative -1.3253222422680038e-18
WARNING: density of clusters is negative -6.086213319968525e-13
WARNING: density of clusters is negative -3.7737896980309817e-11
WARNING: density of clusters is negative -1.3098781485356417e-12
WARNING: density of clusters is negative -7.0304300766448365e-12
WARNING: density of clusters is negative -1.2595289949938504e-12
WARNING: density of clusters is negative -2.0284523855945317e-15
WARNING: density of clusters is negative -2.1759179357521145e-16
WARNING: density of clusters is negative -9.55845926320434e-24
WARNING: density of clusters is negative -7.565017699368508e-14
WARNING: density of clusters is negative -1.208521450609381e-12
WARNING: density of clusters is negative -7.170905313898264e-22
WARNING: density of clusters is negative -1.2153377400546776e-16
WARNING: density of clusters is negative -9.325024258130356e-14
WARNING: density of clusters is negative -7.052330828300372e-13
WARNING: density of clusters is negative -2.6904741422746467e-15
WARNING: density of clusters is negative -2.1560690675707495e-13
WARNING: density of clusters is negative -1.210782624246682e-12
WARNING: density of clusters is negative -5.0080831902279024e-37
WARNING: density of clusters is negative -1.0460840869019577e-26
WARNING: density of clusters is negative -4.6631357949832725e-18
WARNING: density of clusters is negative -5.62649828762488e-16
WARNING: density of clusters is negative -3.14749716042592e-23
WARNING: density of clusters is negative -8.385588355216574e-23
WARNING: density of clusters is negative -8.722347077237235e-37
WARNING: density of clusters is negative -5.770074827226073e-48
WARNING: density of clusters is negative -1.637886922564847e-46
WARNING: density of clusters is negative -4.573056948840506e-27
WARNING: density of clusters is negative -7.893431600408061e-22
WARNING: density of clusters is negative -6.749742187406893e-24
WARNING: density of clusters is negative -7.614385208959475e-22
WARNING: density of clusters is negative -4.610431704076994e-22
WARNING: density of clusters is negative -1.286260883590859e-28
WARNING: density of clusters is negative -3.900737287594468e-32
WARNING: density of clusters is negative -1.2280485005978735e-23
WARNING: density of clusters is negative -1.0629592590883181e-20
WARNING: density of clusters is negative -1.1428595279030996e-22
WARNING: density of clusters is negative -7.145534328032634e-18
WARNING: density of clusters is negative -5.380903098474503e-30
WARNING: density of clusters is negative -1.5094496963587807e-35
WARNING: density of clusters is negative -8.890565449737157e-25
WARNING: density of clusters is negative -1.148214364095351e-51
WARNING: density of clusters is negative -7.249458259983553e-35
WARNING: density of clusters is negative -2.5111221824436888e-27
WARNING: density of clusters is negative -1.2728776761239408e-28
WARNING: density of clusters is negative -6.484121661633459e-41
WARNING: density of clusters is negative -4.517177348172291e-21
WARNING: density of clusters is negative -1.9177750426553728e-32
WARNING: density of clusters is negative -3.318162111706143e-20
WARNING: density of clusters is negative -1.2052646576937358e-19
WARNING: density of clusters is negative -5.097111177464502e-37
WARNING: density of clusters is negative -1.1899831809581757e-29
WARNING: density of clusters is negative -6.37007018640578e-35
WARNING: density of clusters is negative -1.4142133151555981e-28
WARNING: density of clusters is negative -7.71114162001919e-24
WARNING: density of clusters is negative -1.2152443897145128e-25
WARNING: density of clusters is negative -1.6835799743222921e-44
WARNING: density of clusters is negative -3.817554204819018e-15
WARNING: density of clusters is negative -2.288402192378796e-48
WARNING: density of clusters is negative -4.37599988663217e-24
WARNING: density of clusters is negative -3.1770390650644145e-25
WARNING: density of clusters is negative -5.597890370195377e-22
WARNING: density of clusters is negative -9.549155546073527e-24
WARNING: density of clusters is negative -1.8128008759706876e-12
WARNING: density of clusters is negative -2.2688317186055542e-35
WARNING: density of clusters is negative -6.1899790311373754e-30
WARNING: density of clusters is negative -3.769443385502e-25
WARNING: density of clusters is negative -6.769692774414761e-35
WARNING: density of clusters is negative -5.4835315897888384e-31
WARNING: density of clusters is negative -1.3934485945610218e-20
WARNING: density of clusters is negative -8.437882783219237e-23
WARNING: density of clusters is negative -3.0826931371221866e-25
WARNING: density of clusters is negative -1.5827652232653727e-35
WARNING: density of clusters is negative -7.172518144068451e-23
WARNING: density of clusters is negative -4.1797365740636076e-36
WARNING: density of clusters is negative -5.383004683089222e-29
WARNING: density of clusters is negative -1.906218807097935e-32
WARNING: density of clusters is negative -6.288215087168079e-25
WARNING: density of clusters is negative -1.1335099570147849e-18
WARNING: density of clusters is negative -1.2736795713447641e-43
WARNING: density of clusters is negative -4.348247975769543e-58
WARNING: density of clusters is negative -3.180458217124203e-18
WARNING: density of clusters is negative -7.200214881994287e-15
WARNING: density of clusters is negative -2.5671477814539344e-18
WARNING: density of clusters is negative -5.671289929741128e-46
WARNING: density of clusters is negative -8.584393527402093e-36
WARNING: density of clusters is negative -2.355112812526449e-26
WARNING: density of clusters is negative -7.0118081662443e-52
WARNING: density of clusters is negative -7.160345029625195e-21
WARNING: density of clusters is negative -9.186851608072991e-17
WARNING: density of clusters is negative -1.2212288418944925e-47
WARNING: density of clusters is negative -8.049245057544465e-26
WARNING: density of clusters is negative -8.58357866369321e-15
WARNING: density of clusters is negative -1.69548915939594e-37
WARNING: density of clusters is negative -1.237767873462018e-26
WARNING: density of clusters is negative -2.943097747965124e-27
WARNING: density of clusters is negative -1.369177795452637e-49
WARNING: density of clusters is negative -6.694894339847779e-35
WARNING: density of clusters is negative -1.2498969703383314e-17
WARNING: density of clusters is negative -1.0454197186571722e-17
WARNING: density of clusters is negative -5.400734192107091e-25
WARNING: density of clusters is negative -3.443704532830844e-22
WARNING: density of clusters is negative -1.0151757638425562e-17
WARNING: density of clusters is negative -9.221529225156684e-23
WARNING: density of clusters is negative -1.0114543382639892e-18
WARNING: density of clusters is negative -4.546661811574893e-15
WARNING: density of clusters is negative -1.2553137709564993e-14
WARNING: density of clusters is negative -3.842674336129716e-19
WARNING: density of clusters is negative -9.921298187981524e-15
WARNING: density of clusters is negative -2.51379120433443e-12
WARNING: density of clusters is negative -1.3272044368306958e-15
WARNING: density of clusters is negative -5.075662621017235e-13
WARNING: density of clusters is negative -2.1248317517380653e-24
WARNING: density of clusters is negative -1.4881639371099693e-14
WARNING: density of clusters is negative -3.609510406676915e-13
WARNING: density of clusters is negative -6.546311046324369e-19
WARNING: density of clusters is negative -6.318913861425679e-26
WARNING: density of clusters is negative -1.691944676933519e-14
WARNING: density of clusters is negative -4.610797608406202e-11
WARNING: density of clusters is negative -6.313050141043301e-13
WARNING: density of clusters is negative -6.173289494112299e-40
WARNING: density of clusters is negative -1.0734342282655814e-38
WARNING: density of clusters is negative -3.577229725177667e-49
WARNING: density of clusters is negative -3.717678486289005e-24
WARNING: density of clusters is negative -7.067103186684505e-17
WARNING: density of clusters is negative -5.19642848314947e-51
WARNING: density of clusters is negative -6.752431080165485e-45
WARNING: density of clusters is negative -2.1471066228111523e-25
WARNING: density of clusters is negative -2.4670367111649524e-27
WARNING: density of clusters is negative -1.7848617139237445e-31
WARNING: density of clusters is negative -4.049664726531354e-31
WARNING: density of clusters is negative -1.1527468912667103e-27
WARNING: density of clusters is negative -2.2041062094989965e-21
WARNING: density of clusters is negative -9.22461898165363e-18
WARNING: density of clusters is negative -5.500863360660269e-22
WARNING: density of clusters is negative -1.7230975346528266e-17
WARNING: density of clusters is negative -6.139138450806244e-25
WARNING: density of clusters is negative -3.860060197838856e-23
WARNING: density of clusters is negative -1.1440635576865262e-23
WARNING: density of clusters is negative -4.4085887071052365e-21
WARNING: density of clusters is negative -8.946975776872042e-32
WARNING: density of clusters is negative -3.341165233351895e-29
WARNING: density of clusters is negative -3.49462298841988e-28
WARNING: density of clusters is negative -1.5666592539174277e-28
WARNING: density of clusters is negative -5.1945189174890325e-27
WARNING: density of clusters is negative -4.4784320276829774e-33
WARNING: density of clusters is negative -1.0081508545976354e-22
WARNING: density of clusters is negative -3.5741673711626156e-18
WARNING: density of clusters is negative -1.7130099486170217e-15
WARNING: density of clusters is negative -5.760154468084455e-23
WARNING: density of clusters is negative -3.6821191996857397e-16
WARNING: density of clusters is negative -6.87960356279838e-49
WARNING: density of clusters is negative -4.326902468408444e-48
WARNING: density of clusters is negative -8.398200656759642e-22
WARNING: density of clusters is negative -7.330197344724874e-17
WARNING: density of clusters is negative -8.878963566459634e-29
WARNING: density of clusters is negative -6.384925080471266e-12
WARNING: density of clusters is negative -3.9469512936900725e-20
WARNING: density of clusters is negative -2.9242014287953237e-16
WARNING: density of clusters is negative -9.587683756012573e-13
WARNING: density of clusters is negative -1.1736228249459317e-27
WARNING: density of clusters is negative -1.1879562616614314e-13
WARNING: density of clusters is negative -3.728732243589988e-24
WARNING: density of clusters is negative -6.973754931983057e-16
WARNING: density of clusters is negative -2.2015770080986345e-16
WARNING: density of clusters is negative -9.29048924092466e-15
WARNING: density of clusters is negative -3.3681219717515425e-14
WARNING: density of clusters is negative -2.0723843917941835e-11
WARNING2: density of small clusters is negative -1.6638345336545358e-09
WARNING: density of clusters is negative -3.0950463215726693e-12
WARNING: density of clusters is negative -6.307976064610867e-19
WARNING: density of clusters is negative -4.1159362671618865e-11
WARNING: density of clusters is negative -2.392716598844953e-12
WARNING: density of clusters is negative -2.9960105493695057e-16
WARNING: density of clusters is negative -3.7613055836128153e-13
WARNING: density of clusters is negative -2.4098969378617465e-15
WARNING: density of clusters is negative -1.5508590987412135e-12
WARNING: density of clusters is negative -6.448696713994201e-12
Run the GA  ../data/testParms_tourn_ChiLifetimes_7500.txt
BEGIN main GA loop. 
size of fits, and type[0]:  30000 <class 'numpy.float64'>
fitness[0]:   -97.77570602287858
candidate:  [0.14367940027780504, 3.4088055889052593, 0.796128014295255, 4.1341991752189315, 6.069204368572487, 0.020723728033047714, 4.8421907420454575, 275.0520239418359, 2.765709993792727, 20.86401218464745, 0.0003906809923852748, 0.00013852601520632067, 0.04341137968424688, 0.13927057415911642, 6.693088945537422, 0.001354060767232111, 4136.891966523176, 21.815334295429242, 4.644841938657078e-50]
=== Generation 0 ===
Number of viable points so far: 7893
size of fits, and type[0]:  30000 <class 'numpy.float64'>
fitness[0]:   -341.2529715354707
candidate:  [0.06528703102998744, 1.9071284703305977, 6.51077250556056, 0.12596653981809228, 0.018340348345188877, 0.25263043680295405, 0.001109401543186511, 6.6481750039647, 0.2527477299101644, 868.1057521344607, 4.9405175775140515, 0.00042463908115858765, 0.020418983160729272, 1.6098701390974266, 41.667956966021386, 3.7993626092795187, 5670.79896467445, 0.19937481758769668, 1.7852820353991916e-50]
=== Generation 1 ===
Number of viable points so far: 26997
size of fits, and type[0]:  30000 <class 'numpy.float64'>
fitness[0]:   -29.599161309269476
candidate:  [1.4650029835456058, 0.8726909094688414, 0.32151146985564677, 4.76858889559209, 8.827924364101428, 0.04600071872072969, 0.06342352504227788, 0.045083251519158145, 0.25039331849578533, 0.326359358687843, 8.288900971187799, 0.18690541405417296, 0.7334346053699871, 2.644116108110437, 1.868528844244744, 0.7131672281288061, 85.63592793113973, 0.02475464017373777, 2.9932574648369573e-50]
=== Generation 2 ===
Number of viable points so far: 47094
size of fits, and type[0]:  30000 <class 'numpy.float64'>
fitness[0]:   -42.035004958864484
candidate:  [0.05325589410526072, 0.7972893204327859, 6.167275900058098, 3.999300826414384, 0.701793416826644, 0.07796341414313482, 0.451162802165374, 0.3692783732454134, 0.2973637994620479, 0.1536522039037224, 0.10271293496991998, 0.00027119755091198756, 0.4218918716143021, 0.6617147747027508, 7.4165826875323235, 1.3663475815082637, 9055.732397908776, 0.01773002488274758, 7.263504628897591e-50]
=== Generation 3 ===
Number of viable points so far: 68086
size of fits, and type[0]:  30000 <class 'numpy.float64'>
fitness[0]:   -18.299399354858682
candidate:  [1.654468392635925, 0.12252057793893227, 2.7042484553667343, 1.4866635712876501, 3.318497133374635, 5.208563444270444, 6.431647043959715, 1.63166723156539, 0.004997516134114661, 80.52471255666336, 0.17691987261589567, 0.8597954743437278, 0.08275891417271077, 0.19432119623107116, 5.97664937306642, 0.06273482984255525, 4.718549494914771, 0.018389040038035785, 5.393426374679232e-50]
=== Generation 4 ===
Number of viable points so far: 88699
size of fits, and type[0]:  30000 <class 'numpy.float64'>
fitness[0]:   -28.928818521891515
candidate:  [0.005629935279103361, 0.007883257859290047, 4.677346694460037, 0.30044481080618335, 0.005879706312354823, 0.07767175954901138, 6.645862541582787, 0.012677150668560932, 0.001788400106823857, 1.4934097758905736, 3.842412293358455, 0.013490022709845683, 0.25329479194844, 2.386804344328919, 2.5517425023860514, 0.03149601507664172, 58.20191462511251, 0.0446809437729403, 1.2166145107125881e-50]
=== Generation 5 ===
Number of viable points so far: 109338
Writing results to ../data/testParms_tourn_ChiLifetimes_7500.txt
Finished writing parameter file.
Done with all GA generations and file writing.
done with repeat:  4
Best fitness from the run: -3.1335982932652895
Best parameters: [0.04867486128367662, 0.5207235976567686, 2.0507945941216694, 0.11789996708000737, 0.0404221936472057, 1.8429225351934104, 6.645862541582787, 0.012677150668560932, 0.001609146471504344, 1.4934097758905736, 5.563439506617552, 0.00012514701457425336, 0.42756822995296473, 2.017550842942523, 2.774732894910528, 0.003468835712872276, 1491.9775463944284, 0.02475464017373777, 3.8446779186002007e-50]
Total execution time: 209.18 minutes
